iRacing name,iRacing ID,Multicar team background color,Multicar team text color,Multicar team logo url,iRacing car color override,iRacing car number color override,First name override,Last name override,Suffix override,Initials override,iRacing team name override,Multicar team name,Highlight,Club name override,Photo URL,Number URL,Car Url,Class 1,Class 2,Class 3,Birth date,Home town,Driver header,Driver information
Trevor Kratzer,338025,Transparent,Transparent,,Transparent,Transparent,,,,,PSR Red,None,None,,,,,GT3 Pro,None,None,,,,
William C Rasmussen,582830,Transparent,Transparent,,Transparent,Transparent,,,,,PSR Red,None,None,,,,,GT3 Pro,None,None,,,,
Albert Priem,20477,Transparent,Transparent,,Transparent,Transparent,,,,,DLR Simlab \\ Orange,None,None,,,,,GTP,None,None,,,,
Davey Van De Wakker,918469,Transparent,Transparent,,Transparent,Transparent,,,,,DLR Simlab \\ Orange,None,None,,,,,GTP,None,None,,,,
,730758,Transparent,Transparent,,Transparent,Transparent,,,,,DLR Simlab \\ Orange,None,None,,,,,GTP,None,None,,,,
Wesley Kaspers,746572,Transparent,Transparent,,Transparent,Transparent,,,,,DLR Simlab \\ Orange,None,None,,,,,GTP,None,None,,,,
Christian Kozlowski,435891,Transparent,Transparent,,Transparent,Transparent,,,,,Top Tier Motorsport,None,None,,,,,GT3 Pro,None,None,,,,
,870652,Transparent,Transparent,,Transparent,Transparent,,,,,Top Tier Motorsport,None,None,,,,,GT3 Pro,None,None,,,,
Justin Eloff,119381,Transparent,Transparent,,Transparent,Transparent,,,,,Top Tier Motorsport,None,None,,,,,GT3 Pro,None,None,,,,
Ondřej Matějíček,1159529,Transparent,Transparent,,Transparent,Transparent,,,,,Top Tier Motorsport,None,None,,,,,GT3 Pro,None,None,,,,
Jakub Bugala2,819528,Transparent,Transparent,,Transparent,Transparent,,,,,Top Tier Motorsport,None,None,,,,,GT3 Pro,None,None,,,,
Michael C Brown,981826,Transparent,Transparent,,Transparent,Transparent,,,,,Top Tier Motorsport,None,None,,,,,GT3 Pro,None,None,,,,
Lewis Kenyon,1067459,Transparent,Transparent,,Transparent,Transparent,,,,,Top Tier Motorsport,None,None,,,,,GT3 Pro,None,None,,,,
,745119,Transparent,Transparent,,Transparent,Transparent,,,,,Top Tier Motorsport,None,None,,,,,GT3 Pro,None,None,,,,
Federico Calello,376751,Transparent,Transparent,,Transparent,Transparent,,,,,VULKAN Motorsports x Sim-Lab Gold,None,None,,,,,GT3 Pro,None,None,,,,
Iván Ubera,564150,Transparent,Transparent,,Transparent,Transparent,,,,,VULKAN Motorsports x Sim-Lab Gold,None,None,,,,,GT3 Pro,None,None,,,,
Ignas Vincerževskis,693417,Transparent,Transparent,,Transparent,Transparent,,,,,VULKAN Motorsports x Sim-Lab Gold,None,None,,,,,GT3 Pro,None,None,,,,
Björn Klaassens,780497,Transparent,Transparent,,Transparent,Transparent,,,,,VULKAN Motorsports x Sim-Lab Orange,None,None,,,,,GTP,None,None,,,,
Christian Müller6,895171,Transparent,Transparent,,Transparent,Transparent,,,,,VULKAN Motorsports x Sim-Lab Orange,None,None,,,,,GTP,None,None,,,,
Christian Sauer,1020347,Transparent,Transparent,,Transparent,Transparent,,,,,VULKAN Motorsports x Sim-Lab Orange,None,None,,,,,GTP,None,None,,,,
Quinten Verdonk2,835612,Transparent,Transparent,,Transparent,Transparent,,,,,VULKAN Motorsports x Sim-Lab Orange,None,None,,,,,GTP,None,None,,,,
Philip Longfellow,601442,Transparent,Transparent,,Transparent,Transparent,,,,,VULKAN Motorsports x Sim-Lab Orange,None,None,,,,,GTP,None,None,,,,
Afonso Souto,857753,Transparent,Transparent,,Transparent,Transparent,,,,,VULKAN Motorsports x Sim-Lab Orange,None,None,,,,,GTP,None,None,,,,
Kevin Lazar,599263,Transparent,Transparent,,Transparent,Transparent,,,,,Orca Performance Racing #Black,None,None,,,,,GT3 Pro,None,None,,,,
Marcel Beck,775090,Transparent,Transparent,,Transparent,Transparent,,,,,Orca Performance Racing #Black,None,None,,,,,GT3 Pro,None,None,,,,
,76487,Transparent,Transparent,,Transparent,Transparent,,,,,Orca Performance Racing #Black,None,None,,,,,GT3 Pro,None,None,,,,
Dorian Kunar,905598,Transparent,Transparent,,Transparent,Transparent,,,,,Orca Performance Racing #Black,None,None,,,,,GT3 Pro,None,None,,,,
Andre Kübler,1071645,Transparent,Transparent,,Transparent,Transparent,,,,,Orca Performance Racing #Black,None,None,,,,,GT3 Pro,None,None,,,,
Thorsten Seifert,501731,Transparent,Transparent,,Transparent,Transparent,,,,,Orca Performance Racing #Black,None,None,,,,,GT3 Pro,None,None,,,,
,386798,Transparent,Transparent,,Transparent,Transparent,,,,,Orca Performance Racing #Black,None,None,,,,,GT3 Pro,None,None,,,,
Lucas Derksen2,929520,Transparent,Transparent,,Transparent,Transparent,,,,,Unlucky Luc Racing,None,None,,,,,GTP,None,None,,,,
Alex M Johnson,885543,Transparent,Transparent,,Transparent,Transparent,,,,,Unlucky Luc Racing,None,None,,,,,GTP,None,None,,,,
Kyle Felvus,648097,Transparent,Transparent,,Transparent,Transparent,,,,,Unlucky Luc Racing,None,None,,,,,GTP,None,None,,,,
Raymon De Niet,1021644,Transparent,Transparent,,Transparent,Transparent,,,,,Unlucky Luc Racing,None,None,,,,,GTP,None,None,,,,
Julian Swanson,764076,Transparent,Transparent,,Transparent,Transparent,,,,,JJC Racing,None,None,,,,,GTP,None,None,,,,
Yuval Marek,908669,Transparent,Transparent,,Transparent,Transparent,,,,,JJC Racing,None,None,,,,,GTP,None,None,,,,
Lucas Hand,946408,Transparent,Transparent,,Transparent,Transparent,,,,,JJC Racing,None,None,,,,,GTP,None,None,,,,
,439045,Transparent,Transparent,,Transparent,Transparent,,,,,Orca Performance Racing #Blue,None,None,,,,,GT3 Am,None,None,,,,
Kim G. Weishapl,320499,Transparent,Transparent,,Transparent,Transparent,,,,,Orca Performance Racing #Blue,None,None,,,,,GT3 Am,None,None,,,,
Marvin Papenhagen,1107074,Transparent,Transparent,,Transparent,Transparent,,,,,Orca Performance Racing #Blue,None,None,,,,,GT3 Am,None,None,,,,
Maximilian Fischer2,994089,Transparent,Transparent,,Transparent,Transparent,,,,,Orca Performance Racing #Blue,None,None,,,,,GT3 Am,None,None,,,,
Jannis Rohde,486559,Transparent,Transparent,,Transparent,Transparent,,,,,Orca Performance Racing #Blue,None,None,,,,,GT3 Am,None,None,,,,
Christian Bartl,358048,Transparent,Transparent,,Transparent,Transparent,,,,,Orca Performance Racing #Blue,None,None,,,,,GT3 Am,None,None,,,,
,1105934,Transparent,Transparent,,Transparent,Transparent,,,,,Orca Performance Racing #Blue,None,None,,,,,GT3 Am,None,None,,,,
Leon Kuhn,703144,Transparent,Transparent,,Transparent,Transparent,,,,,GFORCE Racing,None,None,,,,,GT3 Am,None,None,,,,
Lucas Budde,902607,Transparent,Transparent,,Transparent,Transparent,,,,,GFORCE Racing,None,None,,,,,GT3 Am,None,None,,,,
,956620,Transparent,Transparent,,Transparent,Transparent,,,,,GFORCE Racing,None,None,,,,,GT3 Am,None,None,,,,
,878112,Transparent,Transparent,,Transparent,Transparent,,,,,GFORCE Racing,None,None,,,,,GT3 Am,None,None,,,,
Mickael Costa,636464,Transparent,Transparent,,Transparent,Transparent,,,,,Virtualdrivers by Thrustmaster #1,None,None,,,,,GT3 Pro,None,None,,,,
Nicolas Vicent,827394,Transparent,Transparent,,Transparent,Transparent,,,,,Virtualdrivers by Thrustmaster #1,None,None,,,,,GT3 Pro,None,None,,,,
,443864,Transparent,Transparent,,Transparent,Transparent,,,,,Virtualdrivers by Thrustmaster #1,None,None,,,,,GT3 Pro,None,None,,,,
Loic Guillardeau,194225,Transparent,Transparent,,Transparent,Transparent,,,,,Virtualdrivers by Thrustmaster #1,None,None,,,,,GT3 Pro,None,None,,,,
Maxime Chasset,664372,Transparent,Transparent,,Transparent,Transparent,,,,,Virtualdrivers by Thrustmaster #1,None,None,,,,,GT3 Pro,None,None,,,,
Stefano Tonelli,410995,Transparent,Transparent,,Transparent,Transparent,,,,,IS Corse,None,None,,,,,GT3 Pro,None,None,,,,
Maurizio Scotti di Uccio,18782,Transparent,Transparent,,Transparent,Transparent,,,,,IS Corse,None,None,,,,,GT3 Pro,None,None,,,,
Federico Romano,485913,Transparent,Transparent,,Transparent,Transparent,,,,,IS Corse,None,None,,,,,GT3 Pro,None,None,,,,
Mathijs Wijten,634750,Transparent,Transparent,,Transparent,Transparent,,,,,DLR Simlab \\ Red,None,None,,,,,GTP,None,None,,,,
Jeanpaul Seemann,613747,Transparent,Transparent,,Transparent,Transparent,,,,,DLR Simlab \\ Red,None,None,,,,,GTP,None,None,,,,
Miguel Almeida,127661,Transparent,Transparent,,Transparent,Transparent,,,,,NGC by Rubis Gás (Carburação),None,None,,,,,GT3 Pro,None,None,,,,
Frederico Faria,447698,Transparent,Transparent,,Transparent,Transparent,,,,,NGC by Rubis Gás (Carburação),None,None,,,,,GT3 Pro,None,None,,,,
,103117,Transparent,Transparent,,Transparent,Transparent,,,,,NGC by Rubis Gás (Carburação),None,None,,,,,GT3 Pro,None,None,,,,
,361593,Transparent,Transparent,,Transparent,Transparent,,,,,NGC by Rubis Gás (Carburação),None,None,,,,,GT3 Pro,None,None,,,,
Artur Loureiro,621117,Transparent,Transparent,,Transparent,Transparent,,,,,NGC by Rubis Gás (Carburação),None,None,,,,,GT3 Pro,None,None,,,,
Nelson Clemente,604937,Transparent,Transparent,,Transparent,Transparent,,,,,NGC by Rubis Gás (Butano),None,None,,,,,GTP,None,None,,,,
André Rosa,775547,Transparent,Transparent,,Transparent,Transparent,,,,,NGC by Rubis Gás (Butano),None,None,,,,,GTP,None,None,,,,
Marcos Silva8,854414,Transparent,Transparent,,Transparent,Transparent,,,,,NGC by Rubis Gás (Butano),None,None,,,,,GTP,None,None,,,,
Pedro M Vargas,774268,Transparent,Transparent,,Transparent,Transparent,,,,,NGC by Rubis Gás (Butano),None,None,,,,,GTP,None,None,,,,
Tomás Amaral Mora,780435,Transparent,Transparent,,Transparent,Transparent,,,,,NGC by Rubis Gás (Butano),None,None,,,,,GTP,None,None,,,,
Pedro Daniel Paquete,667770,Transparent,Transparent,,Transparent,Transparent,,,,,NGC by Rubis Gás (Butano),None,None,,,,,GTP,None,None,,,,
Delil Akbulut,696206,Transparent,Transparent,,Transparent,Transparent,,,,,HWT Motorsport,None,None,,,,,GTP,None,None,,,,
Alex Pilbeam,690462,Transparent,Transparent,,Transparent,Transparent,,,,,HWT Motorsport,None,None,,,,,GTP,None,None,,,,
Tom Bryant,617317,Transparent,Transparent,,Transparent,Transparent,,,,,HWT Motorsport,None,None,,,,,GTP,None,None,,,,
Nick André Stodal,394019,Transparent,Transparent,,Transparent,Transparent,,,,,SPH eMotorsport,None,None,,,,,GT3 Am,None,None,,,,
Florian Hammerl,586670,Transparent,Transparent,,Transparent,Transparent,,,,,SPH eMotorsport,None,None,,,,,GT3 Am,None,None,,,,
Jannik Pastuschka2,802334,Transparent,Transparent,,Transparent,Transparent,,,,,SPH eMotorsport,None,None,,,,,GT3 Am,None,None,,,,
,974604,Transparent,Transparent,,Transparent,Transparent,,,,,SPH eMotorsport,None,None,,,,,GT3 Am,None,None,,,,
,1121337,Transparent,Transparent,,Transparent,Transparent,,,,,SPH eMotorsport,None,None,,,,,GT3 Am,None,None,,,,
,798872,Transparent,Transparent,,Transparent,Transparent,,,,,SPH eMotorsport,None,None,,,,,GT3 Am,None,None,,,,
,1015545,Transparent,Transparent,,Transparent,Transparent,,,,,SPH eMotorsport,None,None,,,,,GT3 Am,None,None,,,,
Fabian Lorenz,301392,Transparent,Transparent,,Transparent,Transparent,,,,,SPH eMotorsport,None,None,,,,,GT3 Am,None,None,,,,
Sergio Sánchez Cachafeiro,594341,Transparent,Transparent,,Transparent,Transparent,,,,,GO! eSports,None,None,,,,,GTP,None,None,,,,
Juantxo Ovalle,499914,Transparent,Transparent,,Transparent,Transparent,,,,,GO! eSports,None,None,,,,,GTP,None,None,,,,
Eloy Cabañero,499940,Transparent,Transparent,,Transparent,Transparent,,,,,GO! eSports,None,None,,,,,GTP,None,None,,,,
Román Dubert,260479,Transparent,Transparent,,Transparent,Transparent,,,,,GO! eSports,None,None,,,,,GTP,None,None,,,,
Álvaro Gutierrez,435163,Transparent,Transparent,,Transparent,Transparent,,,,,GO! eSports,None,None,,,,,GTP,None,None,,,,
,615845,Transparent,Transparent,,Transparent,Transparent,,,,,GO! eSports,None,None,,,,,GTP,None,None,,,,
Kiko Lacalle,528824,Transparent,Transparent,,Transparent,Transparent,,,,,GO! eSports,None,None,,,,,GT3 Pro,None,None,,,,
,725639,Transparent,Transparent,,Transparent,Transparent,,,,,GO! eSports,None,None,,,,,GT3 Pro,None,None,,,,
Joan Marti,243240,Transparent,Transparent,,Transparent,Transparent,,,,,GO! eSports,None,None,,,,,GT3 Pro,None,None,,,,
Joan Compte,179983,Transparent,Transparent,,Transparent,Transparent,,,,,GO! eSports,None,None,,,,,GT3 Pro,None,None,,,,
Marc Lopez5,888006,Transparent,Transparent,,Transparent,Transparent,,,,,GO! eSports,None,None,,,,,GT3 Pro,None,None,,,,
Miguel Toledo,602487,Transparent,Transparent,,Transparent,Transparent,,,,,GO! eSports,None,None,,,,,GT3 Pro,None,None,,,,
Stefan Le Guen,393778,Transparent,Transparent,,Transparent,Transparent,,,,,Squadra Veloce Alpha by EAGLE RS,None,None,,,,,GT3 Am,None,None,,,,
Jelle Verstraeten2,260286,Transparent,Transparent,,Transparent,Transparent,,,,,Squadra Veloce Alpha by EAGLE RS,None,None,,,,,GT3 Am,None,None,,,,
Tomas Vandenbossche,821015,Transparent,Transparent,,Transparent,Transparent,,,,,Squadra Veloce Alpha by EAGLE RS,None,None,,,,,GT3 Am,None,None,,,,
Jonathan Valgaeren,818518,Transparent,Transparent,,Transparent,Transparent,,,,,Squadra Veloce Alpha by EAGLE RS,None,None,,,,,GT3 Am,None,None,,,,
Kevin Daniels,70605,Transparent,Transparent,,Transparent,Transparent,,,,,DDK Racing Team #G,None,None,,,,,GT3 Pro,None,None,,,,
Ruben Berings,924596,Transparent,Transparent,,Transparent,Transparent,,,,,DDK Racing Team #G,None,None,,,,,GT3 Pro,None,None,,,,
Raz Harper,735022,Transparent,Transparent,,Transparent,Transparent,,,,,DDK Racing Team #G,None,None,,,,,GT3 Pro,None,None,,,,
Andrew M Fairley,856411,Transparent,Transparent,,Transparent,Transparent,,,,,DDK Racing Team #G,None,None,,,,,GT3 Pro,None,None,,,,
Mehmet Mert,939669,Transparent,Transparent,,Transparent,Transparent,,,,,DDK Racing Team #G,None,None,,,,,GT3 Pro,None,None,,,,
Paolo Ernesto Taddeolini,327245,Transparent,Transparent,,Transparent,Transparent,,,,,IS Corse Red,None,None,,,,,GT3 Am,None,None,,,,
Alessio Bonanno,449891,Transparent,Transparent,,Transparent,Transparent,,,,,IS Corse Red,None,None,,,,,GT3 Am,None,None,,,,
Gianluca Monari,855316,Transparent,Transparent,,Transparent,Transparent,,,,,IS Corse Red,None,None,,,,,GT3 Am,None,None,,,,
Mauro Dragoni,564555,Transparent,Transparent,,Transparent,Transparent,,,,,IS Corse Red,None,None,,,,,GT3 Am,None,None,,,,
Augusto Saccoccio,1079917,Transparent,Transparent,,Transparent,Transparent,,,,,IS Corse Red,None,None,,,,,GT3 Am,None,None,,,,
Julien Harmand,803226,Transparent,Transparent,,Transparent,Transparent,,,,,Old Firm Racing By HelvetSim,None,None,,,,,GTP,None,None,,,,
Randy Martin y Mateos,490005,Transparent,Transparent,,Transparent,Transparent,,,,,Old Firm Racing By HelvetSim,None,None,,,,,GTP,None,None,,,,
Iordanin Tsvetanov,381527,Transparent,Transparent,,Transparent,Transparent,,,,,Negative Delta by SimGear.gg,None,None,,,,,GT3 Pro,None,None,,,,
Kristian Novev,1009217,Transparent,Transparent,,Transparent,Transparent,,,,,Negative Delta by SimGear.gg,None,None,,,,,GT3 Pro,None,None,,,,
Ventsislav Raychinov,547306,Transparent,Transparent,,Transparent,Transparent,,,,,Negative Delta by SimGear.gg,None,None,,,,,GT3 Pro,None,None,,,,
Vladislav T Shopov,666727,Transparent,Transparent,,Transparent,Transparent,,,,,Negative Delta by SimGear.gg,None,None,,,,,GT3 Pro,None,None,,,,
Ivaylo Boychev,965831,Transparent,Transparent,,Transparent,Transparent,,,,,Negative Delta by SimGear.gg,None,None,,,,,GT3 Pro,None,None,,,,
Kris Vrazhilov,835504,Transparent,Transparent,,Transparent,Transparent,,,,,Negative Delta by SimGear.gg,None,None,,,,,GT3 Pro,None,None,,,,
Orlin Malinov,613727,Transparent,Transparent,,Transparent,Transparent,,,,,Negative Delta by Madness,None,None,,,,,GT3 Am,None,None,,,,
Danny Genovski,842243,Transparent,Transparent,,Transparent,Transparent,,,,,Negative Delta by Madness,None,None,,,,,GT3 Am,None,None,,,,
Miroslav Sotirov,690649,Transparent,Transparent,,Transparent,Transparent,,,,,Negative Delta by Madness,None,None,,,,,GT3 Am,None,None,,,,
,641608,Transparent,Transparent,,Transparent,Transparent,,,,,Negative Delta by Madness,None,None,,,,,GT3 Am,None,None,,,,
,411987,Transparent,Transparent,,Transparent,Transparent,,,,,Enosis eSport Simultimate GTP,None,None,,,,,GTP,None,None,,,,
Aritz Paz,348052,Transparent,Transparent,,Transparent,Transparent,,,,,Enosis eSport Simultimate GTP,None,None,,,,,GTP,None,None,,,,
Marc Freixa D.,426748,Transparent,Transparent,,Transparent,Transparent,,,,,Enosis eSport Simultimate GTP,None,None,,,,,GTP,None,None,,,,
Ivan Gutierrez,759669,Transparent,Transparent,,Transparent,Transparent,,,,,Enosis eSport Simultimate GTP,None,None,,,,,GTP,None,None,,,,
Jorge Augusto,178662,Transparent,Transparent,,Transparent,Transparent,,,,,Enosis eSport Simultimate GTP,None,None,,,,,GTP,None,None,,,,
Bruno Filipe Almeida,388244,Transparent,Transparent,,Transparent,Transparent,,,,,Enosis eSport Simultimate GTP,None,None,,,,,GTP,None,None,,,,
Ale G Torres,273285,Transparent,Transparent,,Transparent,Transparent,,,,,Enosis eSport Simultimate,None,None,,,,,GT3 Pro,None,None,,,,
Francisco Barrionuevo,501688,Transparent,Transparent,,Transparent,Transparent,,,,,Enosis eSport Simultimate,None,None,,,,,GT3 Pro,None,None,,,,
David Simon Jr,780183,Transparent,Transparent,,Transparent,Transparent,,,,,Enosis eSport Simultimate,None,None,,,,,GT3 Pro,None,None,,,,
Iván Aguado,405341,Transparent,Transparent,,Transparent,Transparent,,,,,Enosis eSport Simultimate,None,None,,,,,GT3 Pro,None,None,,,,
Manu Casasnovas,396593,Transparent,Transparent,,Transparent,Transparent,,,,,Enosis eSport Simultimate,None,None,,,,,GT3 Pro,None,None,,,,
Miguel Angel Gallardo,381160,Transparent,Transparent,,Transparent,Transparent,,,,,Enosis eSport Simultimate,None,None,,,,,GT3 Pro,None,None,,,,
Beñat Artano,387611,Transparent,Transparent,,Transparent,Transparent,,,,,Enosis eSport Simultimate,None,None,,,,,GT3 Pro,None,None,,,,
Antonio Jordan,805993,Transparent,Transparent,,Transparent,Transparent,,,,,Enosis eSport EMIX,None,None,,,,,GT3 Pro,None,None,,,,
Ibai Onandi,293456,Transparent,Transparent,,Transparent,Transparent,,,,,Enosis eSport EMIX,None,None,,,,,GT3 Pro,None,None,,,,
,436347,Transparent,Transparent,,Transparent,Transparent,,,,,Enosis eSport EMIX,None,None,,,,,GT3 Pro,None,None,,,,
Diego Nicolas,258762,Transparent,Transparent,,Transparent,Transparent,,,,,Enosis eSport EMIX,None,None,,,,,GT3 Pro,None,None,,,,
Jorge Correia,138006,Transparent,Transparent,,Transparent,Transparent,,,,,Enosis eSport EMIX,None,None,,,,,GT3 Pro,None,None,,,,
Roman Farre Ortiz,257614,Transparent,Transparent,,Transparent,Transparent,,,,,Enosis eSport EMIX,None,None,,,,,GT3 Pro,None,None,,,,
Guilian Mourre,376502,Transparent,Transparent,,Transparent,Transparent,,,,,Valkyrie Exype Green,None,None,,,,,GT3 Pro,None,None,,,,
Kevin Chartier,335241,Transparent,Transparent,,Transparent,Transparent,,,,,Valkyrie Exype Green,None,None,,,,,GT3 Pro,None,None,,,,
Romain Utiel,361527,Transparent,Transparent,,Transparent,Transparent,,,,,Valkyrie Exype Green,None,None,,,,,GT3 Pro,None,None,,,,
,630817,Transparent,Transparent,,Transparent,Transparent,,,,,Valkyrie Exype Green,None,None,,,,,GT3 Pro,None,None,,,,
,798542,Transparent,Transparent,,Transparent,Transparent,,,,,Valkyrie Exype Green,None,None,,,,,GT3 Pro,None,None,,,,
,637077,Transparent,Transparent,,Transparent,Transparent,,,,,Valkyrie Exype Green,None,None,,,,,GT3 Pro,None,None,,,,
Brice Minguet2,873814,Transparent,Transparent,,Transparent,Transparent,,,,,Valkyrie Exype Green,None,None,,,,,GT3 Pro,None,None,,,,
David Narbonne,311045,Transparent,Transparent,,Transparent,Transparent,,,,,Smurf Racing Team #291,None,None,,,,,GT3 Am,None,None,,,,
Stephane Henriques,324933,Transparent,Transparent,,Transparent,Transparent,,,,,Smurf Racing Team #291,None,None,,,,,GT3 Am,None,None,,,,
Davy Daniels2,984745,Transparent,Transparent,,Transparent,Transparent,,,,,DDK Racing Team #S,None,None,,,,,GT3 Am,None,None,,,,
Gilles Philippaerts,462911,Transparent,Transparent,,Transparent,Transparent,,,,,DDK Racing Team #S,None,None,,,,,GT3 Am,None,None,,,,
Brecht Berings,925317,Transparent,Transparent,,Transparent,Transparent,,,,,DDK Racing Team #S,None,None,,,,,GT3 Am,None,None,,,,
Tom J Weston,796699,Transparent,Transparent,,Transparent,Transparent,,,,,DDK Racing Team #S,None,None,,,,,GT3 Am,None,None,,,,
Nauzet Valeriano Herrera,638244,Transparent,Transparent,,Transparent,Transparent,,,,,DDK Racing Team #S,None,None,,,,,GT3 Am,None,None,,,,
,716552,Transparent,Transparent,,Transparent,Transparent,,,,,DDK Racing Team #S,None,None,,,,,GT3 Am,None,None,,,,
Darius Rackauskas,582569,Transparent,Transparent,,Transparent,Transparent,,,,,Locals Autosport,None,None,,,,,GT3 Am,None,None,,,,
Vakaris Vilius,605561,Transparent,Transparent,,Transparent,Transparent,,,,,Locals Autosport,None,None,,,,,GT3 Am,None,None,,,,
Vytautas Jasiulevicius,602477,Transparent,Transparent,,Transparent,Transparent,,,,,Locals Autosport,None,None,,,,,GT3 Am,None,None,,,,
Bart Matyja,703103,Transparent,Transparent,,Transparent,Transparent,,,,,Connection Lost Racing,None,None,,,,,GTP,None,None,,,,
Jaroslav Roth,902425,Transparent,Transparent,,Transparent,Transparent,,,,,Connection Lost Racing,None,None,,,,,GTP,None,None,,,,
Christian Campregher2,417625,Transparent,Transparent,,Transparent,Transparent,,,,,Connection Lost Racing,None,None,,,,,GTP,None,None,,,,
Stephane Civeira Lareo,366068,Transparent,Transparent,,Transparent,Transparent,,,,,Octopus Racing Team,None,None,,,,,GT3 Pro,None,None,,,,
Joselu Otero,649681,Transparent,Transparent,,Transparent,Transparent,,,,,Octopus Racing Team,None,None,,,,,GT3 Pro,None,None,,,,
,701793,Transparent,Transparent,,Transparent,Transparent,,,,,Octopus Racing Team,None,None,,,,,GT3 Pro,None,None,,,,
Dani Rodríguez,426414,Transparent,Transparent,,Transparent,Transparent,,,,,Octopus Racing Team,None,None,,,,,GT3 Pro,None,None,,,,
Octavio Araujo Pisco,242062,Transparent,Transparent,,Transparent,Transparent,,,,,Octopus Racing Team,None,None,,,,,GT3 Pro,None,None,,,,
Davo Ramos,365305,Transparent,Transparent,,Transparent,Transparent,,,,,Octopus Racing Team,None,None,,,,,GT3 Pro,None,None,,,,
Rafa Campos,378681,Transparent,Transparent,,Transparent,Transparent,,,,,Octopus Racing Team Black,None,None,,,,,GT3 Am,None,None,,,,
Luis Jeronimo,340736,Transparent,Transparent,,Transparent,Transparent,,,,,Octopus Racing Team Black,None,None,,,,,GT3 Am,None,None,,,,
Carlos SorianoGT,816379,Transparent,Transparent,,Transparent,Transparent,,,,,Octopus Racing Team Black,None,None,,,,,GT3 Am,None,None,,,,
,367020,Transparent,Transparent,,Transparent,Transparent,,,,,Octopus Racing Team Black,None,None,,,,,GT3 Am,None,None,,,,
Martín R. Pérez,522535,Transparent,Transparent,,Transparent,Transparent,,,,,Octopus Racing Team Black,None,None,,,,,GT3 Am,None,None,,,,
Daniel Martin Maestro,419725,Transparent,Transparent,,Transparent,Transparent,,,,,Octopus Racing Team Black,None,None,,,,,GT3 Am,None,None,,,,
Marino Mollá,398891,Transparent,Transparent,,Transparent,Transparent,,,,,Octopus Racing Team Black,None,None,,,,,GT3 Am,None,None,,,,
Guilherme Costa Reis,796249,Transparent,Transparent,,Transparent,Transparent,,,,,Sonic Racing Team,None,None,,,,,GT3 Pro,None,None,,,,
Diogo F Teodoro,623248,Transparent,Transparent,,Transparent,Transparent,,,,,Sonic Racing Team,None,None,,,,,GT3 Pro,None,None,,,,
Leonardo Marques,245148,Transparent,Transparent,,Transparent,Transparent,,,,,Sonic Racing Team,None,None,,,,,GT3 Pro,None,None,,,,
Isaac González,285742,Transparent,Transparent,,Transparent,Transparent,,,,,Sonic Racing Team,None,None,,,,,GT3 Pro,None,None,,,,
Tom Cecchetto,889286,Transparent,Transparent,,Transparent,Transparent,,,,,RPM Racing PEC,None,None,,,,,GT3 Pro,None,None,,,,
Charlie Lund Nilsson,590994,Transparent,Transparent,,Transparent,Transparent,,,,,RPM Racing PEC,None,None,,,,,GT3 Pro,None,None,,,,
Jaakko Mikkola,288606,Transparent,Transparent,,Transparent,Transparent,,,,,RPM Racing PEC,None,None,,,,,GT3 Pro,None,None,,,,
Mark Biesma,432228,Transparent,Transparent,,Transparent,Transparent,,,,,DLR Simlab \\ Green,None,None,,,,,GT3 Am,None,None,,,,
Wessel van Kralingen,575706,Transparent,Transparent,,Transparent,Transparent,,,,,DLR Simlab \\ Green,None,None,,,,,GT3 Am,None,None,,,,
Didier Ruijters,523760,Transparent,Transparent,,Transparent,Transparent,,,,,DLR Simlab \\ Green,None,None,,,,,GT3 Am,None,None,,,,
Edwin Bierling,890122,Transparent,Transparent,,Transparent,Transparent,,,,,DLR Simlab \\ Green,None,None,,,,,GT3 Am,None,None,,,,
Tiemen Scholten,1016227,Transparent,Transparent,,Transparent,Transparent,,,,,DLR Simlab \\ Green,None,None,,,,,GT3 Am,None,None,,,,
Kevin Versantvoort,1019076,Transparent,Transparent,,Transparent,Transparent,,,,,DLR Simlab \\ Green,None,None,,,,,GT3 Am,None,None,,,,
Emre Kemaldar,813496,Transparent,Transparent,,Transparent,Transparent,,,,,DLR Simlab \\ White,None,None,,,,,GTP,None,None,,,,
Yannick Gerards,722146,Transparent,Transparent,,Transparent,Transparent,,,,,DLR Simlab \\ White,None,None,,,,,GTP,None,None,,,,
Wesley Boekhout,993244,Transparent,Transparent,,Transparent,Transparent,,,,,DLR Simlab \\ White,None,None,,,,,GTP,None,None,,,,
Fábio M Salvaterra,844532,Transparent,Transparent,,Transparent,Transparent,,,,,Foccus Racing PEC,None,None,,,,,GTP,None,None,,,,
Miguel Bento,23673,Transparent,Transparent,,Transparent,Transparent,,,,,Foccus Racing PEC,None,None,,,,,GTP,None,None,,,,
Tiago B Rodriguez,841393,Transparent,Transparent,,Transparent,Transparent,,,,,Foccus Racing PEC,None,None,,,,,GTP,None,None,,,,
Hugo Preto,79169,Transparent,Transparent,,Transparent,Transparent,,,,,Foccus Racing PEC,None,None,,,,,GTP,None,None,,,,
Rui P Sousa,905023,Transparent,Transparent,,Transparent,Transparent,,,,,Foccus Racing PEC,None,None,,,,,GTP,None,None,,,,
Vasco Vidrago,562391,Transparent,Transparent,,Transparent,Transparent,,,,,Foccus Racing PEC,None,None,,,,,GTP,None,None,,,,
Alberto García Blasco,245246,Transparent,Transparent,,Transparent,Transparent,,,,,XBD Racing GTP,None,None,,,,,GTP,None,None,,,,
Pablo Álvarez,410026,Transparent,Transparent,,Transparent,Transparent,,,,,XBD Racing GTP,None,None,,,,,GTP,None,None,,,,
Jose Manuel Cazon,323778,Transparent,Transparent,,Transparent,Transparent,,,,,XBD Racing GTP,None,None,,,,,GTP,None,None,,,,
Rafael Ruiz Muñoz,392816,Transparent,Transparent,,Transparent,Transparent,,,,,XBD Racing GTP,None,None,,,,,GTP,None,None,,,,
Rubens Llorente,364474,Transparent,Transparent,,Transparent,Transparent,,,,,XBD Racing GTP,None,None,,,,,GTP,None,None,,,,
Yasiel Hernández,223261,Transparent,Transparent,,Transparent,Transparent,,,,,M4sked Devils eSports,None,None,,,,,GT3 Pro,None,None,,,,
Alberto Mendo C,311276,Transparent,Transparent,,Transparent,Transparent,,,,,M4sked Devils eSports,None,None,,,,,GT3 Pro,None,None,,,,
Alex Mas,222138,Transparent,Transparent,,Transparent,Transparent,,,,,M4sked Devils eSports,None,None,,,,,GT3 Pro,None,None,,,,
Raul Monraba,280146,Transparent,Transparent,,Transparent,Transparent,,,,,M4sked Devils eSports,None,None,,,,,GT3 Pro,None,None,,,,
Gerard Heredia,88481,Transparent,Transparent,,Transparent,Transparent,,,,,M4sked Devils eSports,None,None,,,,,GT3 Pro,None,None,,,,
Salva Torres,783240,Transparent,Transparent,,Transparent,Transparent,,,,,SRP Racing Team #33,None,None,,,,,GT3 Pro,None,None,,,,
Christian Buján Pino,807618,Transparent,Transparent,,Transparent,Transparent,,,,,SRP Racing Team #33,None,None,,,,,GT3 Pro,None,None,,,,
jose Puig,221035,Transparent,Transparent,,Transparent,Transparent,,,,,SRP Racing Team #33,None,None,,,,,GT3 Pro,None,None,,,,
Daniel Ingelmo,521287,Transparent,Transparent,,Transparent,Transparent,,,,,SRP Racing Team #33,None,None,,,,,GT3 Pro,None,None,,,,
Daniel Atanasov,715811,Transparent,Transparent,,Transparent,Transparent,,,,,SRP Racing Team #33,None,None,,,,,GT3 Pro,None,None,,,,
Roy Sweelssen,387770,Transparent,Transparent,,Transparent,Transparent,,,,,Pacemakers,None,None,,,,,GT3 Am,None,None,,,,
Falco Van Rijsselt,885933,Transparent,Transparent,,Transparent,Transparent,,,,,Pacemakers,None,None,,,,,GT3 Am,None,None,,,,
Richinel Duikerr,857698,Transparent,Transparent,,Transparent,Transparent,,,,,Pacemakers,None,None,,,,,GT3 Am,None,None,,,,
Wiardi Rombouts,743939,Transparent,Transparent,,Transparent,Transparent,,,,,MRRS Racing Sapphire,None,None,,,,,GTP,None,None,,,,
Wim Stockmans,25253,Transparent,Transparent,,Transparent,Transparent,,,,,MRRS Racing Sapphire,None,None,,,,,GTP,None,None,,,,
Rik van Akkeren,429711,Transparent,Transparent,,Transparent,Transparent,,,,,MRRS Racing Sapphire,None,None,,,,,GTP,None,None,,,,
Mik van der Werf,440148,Transparent,Transparent,,Transparent,Transparent,,,,,MRRS Racing Sapphire,None,None,,,,,GTP,None,None,,,,
Peter Grouwels,158121,Transparent,Transparent,,Transparent,Transparent,,,,,MRRS Racing Sapphire,None,None,,,,,GTP,None,None,,,,
Alexander Gerber,362217,Transparent,Transparent,,Transparent,Transparent,,,,,Taylor Mills Racing #41,None,None,,,,,GTP,None,None,,,,
Neil Debacquer,396799,Transparent,Transparent,,Transparent,Transparent,,,,,Taylor Mills Racing #41,None,None,,,,,GTP,None,None,,,,
Alex Salmon,217669,Transparent,Transparent,,Transparent,Transparent,,,,,Taylor Mills Racing #41,None,None,,,,,GTP,None,None,,,,
Dominique Renã© Englicht,607186,Transparent,Transparent,,Transparent,Transparent,,,,,Taylor Mills Racing #41,None,None,,,,,GTP,None,None,,,,
Rachel Konkoly,639492,Transparent,Transparent,,Transparent,Transparent,,,,,Taylor Mills Racing #41,None,None,,,,,GTP,None,None,,,,
Ryan Littlemore,93943,Transparent,Transparent,,Transparent,Transparent,,,,,Project Valorous,None,None,,,,,GTP,None,None,,,,
Jeffrey M Aroyan,319231,Transparent,Transparent,,Transparent,Transparent,,,,,Project Valorous,None,None,,,,,GTP,None,None,,,,
A.J. Stravato,289748,Transparent,Transparent,,Transparent,Transparent,,,,,Project Valorous,None,None,,,,,GTP,None,None,,,,
Marc Rozendaal,592411,Transparent,Transparent,,Transparent,Transparent,,,,,Project Valorous,None,None,,,,,GTP,None,None,,,,
Brian McGough,379075,Transparent,Transparent,,Transparent,Transparent,,,,,Project Valorous,None,None,,,,,GTP,None,None,,,,
Ryan Hardinge,472821,Transparent,Transparent,,Transparent,Transparent,,,,,Project Valorous,None,None,,,,,GTP,None,None,,,,
Luke Smith17,851184,Transparent,Transparent,,Transparent,Transparent,,,,,Project Valorous,None,None,,,,,GTP,None,None,,,,
Juan Roldán,705991,Transparent,Transparent,,Transparent,Transparent,,,,,Project Valorous,None,None,,,,,GTP,None,None,,,,
Jan Körbs,289340,Transparent,Transparent,,Transparent,Transparent,,,,,Reiter Engineering Esports,None,None,,,,,GTP,None,None,,,,
Niclas Geßner,528552,Transparent,Transparent,,Transparent,Transparent,,,,,Reiter Engineering Esports,None,None,,,,,GTP,None,None,,,,
Arun Phull,530592,Transparent,Transparent,,Transparent,Transparent,,,,,Reiter Engineering Esports,None,None,,,,,GTP,None,None,,,,
Jonas Weber4,639396,Transparent,Transparent,,Transparent,Transparent,,,,,Reiter Engineering Esports II,None,None,,,,,GTP,None,None,,,,
Jack James2,601678,Transparent,Transparent,,Transparent,Transparent,,,,,Reiter Engineering Esports II,None,None,,,,,GTP,None,None,,,,
,786891,Transparent,Transparent,,Transparent,Transparent,,,,,Reiter Engineering Esports II,None,None,,,,,GTP,None,None,,,,
Hendrik Ipsen,786912,Transparent,Transparent,,Transparent,Transparent,,,,,Reiter Engineering Esports II,None,None,,,,,GTP,None,None,,,,
Liam O'Sullivan,724047,Transparent,Transparent,,Transparent,Transparent,,,,,Reiter Engineering Esports II,None,None,,,,,GTP,None,None,,,,
Jakub Olcen,953019,Transparent,Transparent,,Transparent,Transparent,,,,,DRIVEN | Performance eSports - ACADEMY,None,None,,,,,GTP,None,None,,,,
Harry Hermanutz,1032508,Transparent,Transparent,,Transparent,Transparent,,,,,DRIVEN | Performance eSports - ACADEMY,None,None,,,,,GTP,None,None,,,,
Sem Van Ruler,550445,Transparent,Transparent,,Transparent,Transparent,,,,,DRIVEN | Performance eSports - ACADEMY,None,None,,,,,GTP,None,None,,,,
Mohammad Omeir,791374,Transparent,Transparent,,Transparent,Transparent,,,,,DRIVEN | Performance eSports - ACADEMY,None,None,,,,,GTP,None,None,,,,
Mehmet Berat Akkuş,840361,Transparent,Transparent,,Transparent,Transparent,,,,,DRIVEN | Performance eSports - ACADEMY,None,None,,,,,GTP,None,None,,,,
Kris Van Gucht,662921,Transparent,Transparent,,Transparent,Transparent,,,,,EAGLE Speed Academy E-sports PEC,None,None,,,,,GT3 Pro,None,None,,,,
Steven Deleersnijder,566242,Transparent,Transparent,,Transparent,Transparent,,,,,EAGLE Speed Academy E-sports PEC,None,None,,,,,GT3 Pro,None,None,,,,
Benjamin De Paepe2,245576,Transparent,Transparent,,Transparent,Transparent,,,,,EAGLE Speed Academy E-sports PEC,None,None,,,,,GT3 Pro,None,None,,,,
Alex Baeyens,510504,Transparent,Transparent,,Transparent,Transparent,,,,,EAGLE Speed Academy E-Sports #G,None,None,,,,,GT3 Am,None,None,,,,
Joffrey Roelandts,702657,Transparent,Transparent,,Transparent,Transparent,,,,,EAGLE Speed Academy E-Sports #G,None,None,,,,,GT3 Am,None,None,,,,
Lorenz De Vlieger,767013,Transparent,Transparent,,Transparent,Transparent,,,,,EAGLE Speed Academy E-Sports #G,None,None,,,,,GT3 Am,None,None,,,,
Kyllian Claes,407487,Transparent,Transparent,,Transparent,Transparent,,,,,EAGLE Speed Academy E-Sports #G,None,None,,,,,GT3 Am,None,None,,,,
Kurt Verstraeten,689573,Transparent,Transparent,,Transparent,Transparent,,,,,EAGLE Speed Academy E-Sports #G,None,None,,,,,GT3 Am,None,None,,,,
Koen Van De Woestyne,896782,Transparent,Transparent,,Transparent,Transparent,,,,,EAGLE Speed Academy E-Sports #G,None,None,,,,,GT3 Am,None,None,,,,
Arend Vergauwe,392630,Transparent,Transparent,,Transparent,Transparent,,,,,EAGLE Speed Academy E-Sports #S,None,None,,,,,GT3 Pro,None,None,,,,
Tim De Hondt,773907,Transparent,Transparent,,Transparent,Transparent,,,,,EAGLE Speed Academy E-Sports #S,None,None,,,,,GT3 Pro,None,None,,,,
Dylan Vanswijgenhoven,502872,Transparent,Transparent,,Transparent,Transparent,,,,,EAGLE Speed Academy E-Sports #S,None,None,,,,,GT3 Pro,None,None,,,,
Lander Van den Brande,454539,Transparent,Transparent,,Transparent,Transparent,,,,,EAGLE Speed Academy E-Sports #S,None,None,,,,,GT3 Pro,None,None,,,,
Bart Schollaert,420455,Transparent,Transparent,,Transparent,Transparent,,,,,EAGLE Speed Academy E-Sports #S,None,None,,,,,GT3 Pro,None,None,,,,
Max Daleiden,730048,Transparent,Transparent,,Transparent,Transparent,,,,,Fury Simsport,None,None,,,,,GTP,None,None,,,,
William Foyle,433451,Transparent,Transparent,,Transparent,Transparent,,,,,Fury Simsport,None,None,,,,,GTP,None,None,,,,
Matthew J Luke,722391,Transparent,Transparent,,Transparent,Transparent,,,,,Fury Simsport,None,None,,,,,GTP,None,None,,,,
,809117,Transparent,Transparent,,Transparent,Transparent,,,,,Fury Simsport,None,None,,,,,GTP,None,None,,,,
Pablo Riestra,367828,Transparent,Transparent,,Transparent,Transparent,,,,,CARBONO eSPORTS GT3 Am,None,None,,,,,GT3 Am,None,None,,,,
Sergio Ochoa Expósito,227444,Transparent,Transparent,,Transparent,Transparent,,,,,CARBONO eSPORTS GT3 Am,None,None,,,,,GT3 Am,None,None,,,,
Jordi Garcia,394261,Transparent,Transparent,,Transparent,Transparent,,,,,CARBONO eSPORTS GT3 Am,None,None,,,,,GT3 Am,None,None,,,,
Manuel López,356174,Transparent,Transparent,,Transparent,Transparent,,,,,CARBONO eSPORTS GT3 Am,None,None,,,,,GT3 Am,None,None,,,,
Óscar González,390003,Transparent,Transparent,,Transparent,Transparent,,,,,CARBONO eSPORTS GT3 Am,None,None,,,,,GT3 Am,None,None,,,,
Glenn Smit2,564580,Transparent,Transparent,,Transparent,Transparent,,,,,MRRS Racing Ametyst,None,None,,,,,GT3 Am,None,None,,,,
Stefan Anjema,524466,Transparent,Transparent,,Transparent,Transparent,,,,,MRRS Racing Ametyst,None,None,,,,,GT3 Am,None,None,,,,
,385853,Transparent,Transparent,,Transparent,Transparent,,,,,MRRS Racing Ametyst,None,None,,,,,GT3 Am,None,None,,,,
Richard Schaafstra,613751,Transparent,Transparent,,Transparent,Transparent,,,,,MRRS Racing Ametyst,None,None,,,,,GT3 Am,None,None,,,,
Maurice Rietveld,350948,Transparent,Transparent,,Transparent,Transparent,,,,,MRRS Racing Ametyst,None,None,,,,,GT3 Am,None,None,,,,
Jakub Olcen,953019,Transparent,Transparent,,Transparent,Transparent,,,,,Driven Performance eSports,None,None,,,,,,None,None,,,,
,1149031,Transparent,Transparent,,Transparent,Transparent,,,,,Driven Performance eSports,None,None,,,,,,None,None,,,,
Mehmet Berat Akkuş,840361,Transparent,Transparent,,Transparent,Transparent,,,,,Driven Performance eSports,None,None,,,,,,None,None,,,,
Luis Gaspar,530304,Transparent,Transparent,,Transparent,Transparent,,,,,Project Valorous GT3,None,None,,,,,GT3 Pro,None,None,,,,
Bram De Jong,816121,Transparent,Transparent,,Transparent,Transparent,,,,,Project Valorous GT3,None,None,,,,,GT3 Pro,None,None,,,,
Erwin Lucas Liszkowicz,350329,Transparent,Transparent,,Transparent,Transparent,,,,,Project Valorous GT3,None,None,,,,,GT3 Pro,None,None,,,,
Jakub Szelerski,292137,Transparent,Transparent,,Transparent,Transparent,,,,,Project Valorous GT3,None,None,,,,,GT3 Pro,None,None,,,,
Tobias Effey,258175,Transparent,Transparent,,Transparent,Transparent,,,,,Project Valorous GT3,None,None,,,,,GT3 Pro,None,None,,,,
Leander Gabrielsen,714019,Transparent,Transparent,,Transparent,Transparent,,,,,Project Valorous GT3,None,None,,,,,GT3 Pro,None,None,,,,
Alex Rassi,520653,Transparent,Transparent,,Transparent,Transparent,,,,,Project Valorous GT3,None,None,,,,,GT3 Pro,None,None,,,,
Jotta Perez,195224,Transparent,Transparent,,Transparent,Transparent,,,,,FastRepair Motorsport GT3,None,None,,,,,GT3 Pro,None,None,,,,
Abel Sallán,372757,Transparent,Transparent,,Transparent,Transparent,,,,,FastRepair Motorsport GT3,None,None,,,,,GT3 Pro,None,None,,,,
Ismael Habib Jiménez,211323,Transparent,Transparent,,Transparent,Transparent,,,,,FastRepair Motorsport GT3,None,None,,,,,GT3 Pro,None,None,,,,
Joan Z Rodríguez,670589,Transparent,Transparent,,Transparent,Transparent,,,,,FastRepair Motorsport GT3,None,None,,,,,GT3 Pro,None,None,,,,
Javier Berenguel,409726,Transparent,Transparent,,Transparent,Transparent,,,,,FastRepair Motorsport GT3,None,None,,,,,GT3 Pro,None,None,,,,
Diana Perez,888164,Transparent,Transparent,,Transparent,Transparent,,,,,FastRepair Motorsport GT3,None,None,,,,,GT3 Pro,None,None,,,,
,,,,,,,,,,,,,,,,,,,,,,,,
