group_id,name,cust_id,display_name,lap_number,flags,incident,session_time,session_start_time,lap_time,team_fastest_lap,personal_best_lap,license_level,car_number,lap_events
-81758,Team Jonathan Pumuki,279033,Jonathan Pumuki,0,439,True,46340464,,-1,False,False,20,14,"['invalid', 'pitted', 'off track', 'car reset', 'contact', 'lost control', 'discontinuity']"
-81758,Team Jonathan Pumuki,279033,Jonathan Pumuki,1,0,False,47526319,,1185855,False,False,20,14,[]
-81758,Team Jonathan Pumuki,279033,Jonathan Pumuki,2,0,False,48717278,,1190959,False,False,20,14,[]
-81758,Team Jonathan Pumuki,279033,Jonathan Pumuki,3,4,True,49911184,,1193906,False,False,20,14,['off track']
-81758,Team Jonathan Pumuki,279033,Jonathan Pumuki,4,0,False,51105572,,1194388,False,False,20,14,[]
-81758,Team Jonathan Pumuki,279033,Jonathan Pumuki,5,0,False,52303604,,1198032,False,False,20,14,[]
-81758,Team Jonathan Pumuki,279033,Jonathan Pumuki,6,0,False,53508156,,1204552,False,False,20,14,[]
-81758,Team Jonathan Pumuki,279033,Jonathan Pumuki,7,4,True,54701574,,1193418,False,False,20,14,['off track']
-81758,Team Jonathan Pumuki,279033,Jonathan Pumuki,8,0,False,55916074,,1214500,False,False,20,14,[]
-81758,Team Jonathan Pumuki,279033,Jonathan Pumuki,9,2,False,57169168,,1253094,False,False,20,14,['pitted']
-81758,Team Jonathan Pumuki,279033,Jonathan Pumuki,10,275,False,67764546,,-1,False,False,20,14,"['invalid', 'pitted', 'car reset', 'discontinuity']"
-81758,Team Jonathan Pumuki,279033,Jonathan Pumuki,11,447,True,69846377,,-1,False,False,20,14,"['invalid', 'pitted', 'off track', 'black flag', 'car reset', 'contact', 'lost control', 'discontinuity']"
-81758,Team Jonathan Pumuki,279033,Jonathan Pumuki,12,0,False,71029500,,1183123,False,False,20,14,[]
-81758,Team Jonathan Pumuki,279033,Jonathan Pumuki,13,0,False,72320183,,1290683,False,False,20,14,[]
-81758,Team Jonathan Pumuki,279033,Jonathan Pumuki,14,0,False,73502372,,1182189,True,True,20,14,[]
-327202,GO! eSports GTP,638244,Nauzet Valeriano Herrera,0,2,False,84452480,,-1,False,False,17,23,['pitted']
-327202,GO! eSports GTP,638244,Nauzet Valeriano Herrera,1,128,True,85677186,,1224706,False,False,17,23,['lost control']
-327202,GO! eSports GTP,638244,Nauzet Valeriano Herrera,2,0,False,86876574,,1199388,False,False,17,23,[]
-327202,GO! eSports GTP,638244,Nauzet Valeriano Herrera,3,0,False,88078334,,1201760,False,False,17,23,[]
-327202,GO! eSports GTP,638244,Nauzet Valeriano Herrera,4,0,False,89285272,,1206938,False,False,17,23,[]
-327202,GO! eSports GTP,638244,Nauzet Valeriano Herrera,5,4,True,90500472,,1215200,False,False,17,23,['off track']
-327202,GO! eSports GTP,638244,Nauzet Valeriano Herrera,6,0,False,91695625,,1195153,False,False,17,23,[]
-327202,GO! eSports GTP,638244,Nauzet Valeriano Herrera,7,447,True,96062993,,-1,False,False,17,23,"['invalid', 'pitted', 'off track', 'black flag', 'car reset', 'contact', 'lost control', 'discontinuity']"
-327202,GO! eSports GTP,638244,Nauzet Valeriano Herrera,8,0,False,97259816,,1196823,False,False,17,23,[]
-327202,GO! eSports GTP,638244,Nauzet Valeriano Herrera,9,0,False,98451578,,1191762,False,False,17,23,[]
-327202,GO! eSports GTP,638244,Nauzet Valeriano Herrera,10,415,True,103024160,,-1,False,False,17,23,"['invalid', 'pitted', 'off track', 'black flag', 'car reset', 'lost control', 'discontinuity']"
-327202,GO! eSports GTP,638244,Nauzet Valeriano Herrera,11,0,False,104214834,,1190674,False,False,17,23,[]
-327202,GO! eSports GTP,638244,Nauzet Valeriano Herrera,12,0,False,105409295,,1194461,False,False,17,23,[]
-327202,GO! eSports GTP,638244,Nauzet Valeriano Herrera,13,407,True,108252991,,-1,False,False,17,23,"['invalid', 'pitted', 'off track', 'car reset', 'lost control', 'discontinuity']"
-327202,GO! eSports GTP,638244,Nauzet Valeriano Herrera,14,0,False,109442172,,1189181,True,True,17,23,[]
-327202,GO! eSports GTP,638244,Nauzet Valeriano Herrera,15,0,False,110637578,,1195406,False,False,17,23,[]
-327202,GO! eSports GTP,638244,Nauzet Valeriano Herrera,16,283,False,115873252,,-1,False,False,17,23,"['invalid', 'pitted', 'black flag', 'car reset', 'discontinuity']"
-327202,GO! eSports GTP,638244,Nauzet Valeriano Herrera,17,4,True,117065178,,1191926,False,False,17,23,['off track']
-327202,GO! eSports GTP,638244,Nauzet Valeriano Herrera,18,4,True,118720976,,1655798,False,False,17,23,['off track']
-327202,GO! eSports GTP,638244,Nauzet Valeriano Herrera,19,0,False,119915845,,1194869,False,False,17,23,[]
-327202,GO! eSports GTP,638244,Nauzet Valeriano Herrera,20,279,True,122893491,,-1,False,False,17,23,"['invalid', 'pitted', 'off track', 'car reset', 'discontinuity']"
-327202,GO! eSports GTP,638244,Nauzet Valeriano Herrera,21,4,True,124087616,,1194125,False,False,17,23,['off track']
-327202,GO! eSports GTP,638244,Nauzet Valeriano Herrera,22,279,True,131995845,,-1,False,False,17,23,"['invalid', 'pitted', 'off track', 'car reset', 'discontinuity']"
-327202,GO! eSports GTP,638244,Nauzet Valeriano Herrera,23,0,False,133212735,,1216890,False,False,17,23,[]
-327202,GO! eSports GTP,638244,Nauzet Valeriano Herrera,24,0,False,134437187,,1224452,False,False,17,23,[]
-327202,GO! eSports GTP,638244,Nauzet Valeriano Herrera,25,0,False,135632609,,1195422,False,False,17,23,[]
-327202,GO! eSports GTP,638244,Nauzet Valeriano Herrera,26,0,False,136828303,,1195694,False,False,17,23,[]
-327202,GO! eSports GTP,638244,Nauzet Valeriano Herrera,27,4,True,138026466,,1198163,False,False,17,23,['off track']
-327202,GO! eSports GTP,638244,Nauzet Valeriano Herrera,28,275,False,160405376,,-1,False,False,17,23,"['invalid', 'pitted', 'car reset', 'discontinuity']"
-327202,GO! eSports GTP,638244,Nauzet Valeriano Herrera,29,4,True,161603436,,1198060,False,False,17,23,['off track']
-327202,GO! eSports GTP,638244,Nauzet Valeriano Herrera,30,4,True,162811278,,1207842,False,False,17,23,['off track']
-327202,GO! eSports GTP,638244,Nauzet Valeriano Herrera,31,4,True,164012343,,1201065,False,False,17,23,['off track']
-327202,GO! eSports GTP,638244,Nauzet Valeriano Herrera,32,0,False,165209603,,1197260,False,False,17,23,[]
-327202,GO! eSports GTP,638244,Nauzet Valeriano Herrera,33,15,True,166649676,,-1,False,False,17,23,"['invalid', 'pitted', 'off track', 'black flag']"
-61124,IPM Gold,276401,Gonçalo Narciso,0,6,True,98565603,,-1,False,False,19,49,"['pitted', 'off track']"
-61124,IPM Gold,276401,Gonçalo Narciso,1,0,False,99764974,,1199371,False,False,19,49,[]
-61124,IPM Gold,276401,Gonçalo Narciso,2,4,True,100965707,,1200733,False,False,19,49,['off track']
-61124,IPM Gold,276401,Gonçalo Narciso,3,0,False,102167931,,1202224,False,False,19,49,[]
-61124,IPM Gold,276401,Gonçalo Narciso,4,0,False,103380526,,1212595,False,False,19,49,[]
-61124,IPM Gold,276401,Gonçalo Narciso,5,0,False,104583716,,1203190,False,False,19,49,[]
-61124,IPM Gold,276401,Gonçalo Narciso,6,0,False,105788795,,1205079,False,False,19,49,[]
-61124,IPM Gold,276401,Gonçalo Narciso,7,4,True,106990458,,1201663,False,False,19,49,['off track']
-61124,IPM Gold,276401,Gonçalo Narciso,8,4,True,108196479,,1206021,False,False,19,49,['off track']
-61124,IPM Gold,276401,Gonçalo Narciso,9,4,True,109399265,,1202786,False,False,19,49,['off track']
-61124,IPM Gold,276401,Gonçalo Narciso,10,0,False,110672431,,1273166,False,False,19,49,[]
-61124,IPM Gold,276401,Gonçalo Narciso,11,407,True,113551453,,-1,False,False,19,49,"['invalid', 'pitted', 'off track', 'car reset', 'lost control', 'discontinuity']"
-61124,IPM Gold,276401,Gonçalo Narciso,12,4,True,114746684,,1195231,True,True,19,49,['off track']
-291980,Future Racing Team Pro,912319,Nick Baggerman,0,6,True,7328597,,-1,False,False,18,18,"['pitted', 'off track']"
-291980,Future Racing Team Pro,912319,Nick Baggerman,1,4,True,8556656,,1228059,False,False,18,18,['off track']
-291980,Future Racing Team Pro,912319,Nick Baggerman,2,0,False,9755394,,1198738,True,True,18,18,[]
-291980,Future Racing Team Pro,912319,Nick Baggerman,3,0,False,10957496,,1202102,False,False,18,18,[]
-291980,Future Racing Team Pro,912319,Nick Baggerman,4,0,False,12161071,,1203575,False,False,18,18,[]
-291980,Future Racing Team Pro,912319,Nick Baggerman,5,0,False,13361872,,1200801,False,False,18,18,[]
-291980,Future Racing Team Pro,912319,Nick Baggerman,6,0,False,14561678,,1199806,False,False,18,18,[]
-291980,Future Racing Team Pro,912319,Nick Baggerman,7,0,False,15770873,,1209195,False,False,18,18,[]
-263277,GO! eSport 196,562080,Pablo Alfieri,0,2,False,115060103,,-1,False,False,18,196,['pitted']
-263277,GO! eSport 196,562080,Pablo Alfieri,1,0,False,116264316,,1204213,False,False,18,196,[]
-263277,GO! eSport 196,562080,Pablo Alfieri,2,4,True,117469725,,1205409,False,False,18,196,['off track']
-263277,GO! eSport 196,562080,Pablo Alfieri,3,0,False,118677667,,1207942,False,False,18,196,[]
-263277,GO! eSport 196,562080,Pablo Alfieri,4,0,False,119876533,,1198866,True,True,18,196,[]
-263277,GO! eSport 196,562080,Pablo Alfieri,5,0,False,121080146,,1203613,False,False,18,196,[]
-263277,GO! eSport 196,562080,Pablo Alfieri,6,0,False,122284433,,1204287,False,False,18,196,[]
-263277,GO! eSport 196,562080,Pablo Alfieri,7,4,True,123490755,,1206322,False,False,18,196,['off track']
-263277,GO! eSport 196,562080,Pablo Alfieri,8,0,False,124694872,,1204117,False,False,18,196,[]
-263277,GO! eSport 196,562080,Pablo Alfieri,9,4,True,125905399,,1210527,False,False,18,196,['off track']
-263277,GO! eSport 196,562080,Pablo Alfieri,10,4,True,127114992,,1209593,False,False,18,196,['off track']
-263277,GO! eSport 196,562080,Pablo Alfieri,11,4,True,128330638,,1215646,False,False,18,196,['off track']
-263277,GO! eSport 196,562080,Pablo Alfieri,12,4,True,129538130,,1207492,False,False,18,196,['off track']
-88450,Carbono Sports - Vicente,299849,Vicente Lara,0,2,False,17940109,,-1,False,False,20,5,['pitted']
-88450,Carbono Sports - Vicente,299849,Vicente Lara,1,0,False,19198029,,1257920,False,False,20,5,[]
-88450,Carbono Sports - Vicente,299849,Vicente Lara,2,0,False,20416270,,1218241,False,False,20,5,[]
-88450,Carbono Sports - Vicente,299849,Vicente Lara,3,0,False,21631464,,1215194,False,False,20,5,[]
-88450,Carbono Sports - Vicente,299849,Vicente Lara,4,4,True,22878153,,1246689,False,False,20,5,['off track']
-88450,Carbono Sports - Vicente,299849,Vicente Lara,5,0,False,24103303,,1225150,False,False,20,5,[]
-88450,Carbono Sports - Vicente,299849,Vicente Lara,6,0,False,25322300,,1218997,False,False,20,5,[]
-88450,Carbono Sports - Vicente,299849,Vicente Lara,7,4,True,26522232,,1199932,True,True,20,5,['off track']
-88450,Carbono Sports - Vicente,299849,Vicente Lara,8,4,True,27733333,,1211101,False,False,20,5,['off track']
-88450,Carbono Sports - Vicente,299849,Vicente Lara,9,0,False,28941692,,1208359,False,False,20,5,[]
-88450,Carbono Sports - Vicente,299849,Vicente Lara,10,287,True,31407054,,-1,False,False,20,5,"['invalid', 'pitted', 'off track', 'black flag', 'car reset', 'discontinuity']"
-88450,Carbono Sports - Vicente,299849,Vicente Lara,11,0,False,32625519,,1218465,False,False,20,5,[]
-88450,Carbono Sports - Vicente,299849,Vicente Lara,12,0,False,33848359,,1222840,False,False,20,5,[]
-88450,Carbono Sports - Vicente,299849,Vicente Lara,13,0,False,35074827,,1226468,False,False,20,5,[]
-88450,Carbono Sports - Vicente,299849,Vicente Lara,14,4,True,36299421,,1224594,False,False,20,5,['off track']
-88450,Carbono Sports - Vicente,299849,Vicente Lara,15,4,True,37555137,,1255716,False,False,20,5,['off track']
-88450,Carbono Sports - Vicente,299849,Vicente Lara,16,0,False,38767028,,1211891,False,False,20,5,[]
-88450,Carbono Sports - Vicente,299849,Vicente Lara,17,0,False,39992407,,1225379,False,False,20,5,[]
-109804,Carbono eSports Black,335781,Mike R,15,439,True,134013475,,94030407,False,False,18,11,"['invalid', 'pitted', 'off track', 'car reset', 'contact', 'lost control', 'discontinuity']"
-109804,Carbono eSports Black,335781,Mike R,16,4,True,135232860,,1219385,False,False,18,11,['off track']
-109804,Carbono eSports Black,335781,Mike R,17,0,False,136446667,,1213807,False,False,18,11,[]
-109804,Carbono eSports Black,335781,Mike R,18,0,False,137660556,,1213889,False,False,18,11,[]
-109804,Carbono eSports Black,335781,Mike R,19,4,True,138876552,,1215996,False,False,18,11,['off track']
-109804,Carbono eSports Black,335781,Mike R,20,0,False,140093294,,1216742,False,False,18,11,[]
-109804,Carbono eSports Black,335781,Mike R,21,4,True,141304489,,1211195,False,False,18,11,['off track']
-109804,Carbono eSports Black,335781,Mike R,22,311,True,145700647,,-1,False,False,18,11,"['invalid', 'pitted', 'off track', 'car reset', 'contact', 'discontinuity']"
-109804,Carbono eSports Black,335781,Mike R,23,0,False,146926111,,1225464,False,False,18,11,[]
-109804,Carbono eSports Black,335781,Mike R,24,4,True,148133550,,1207439,True,True,18,11,['off track']
-109804,Carbono eSports Black,335781,Mike R,25,0,False,149373768,,1240218,False,False,18,11,[]
-109804,Carbono eSports Black,335781,Mike R,26,0,False,150587259,,1213491,False,False,18,11,[]
-109804,Carbono eSports Black,335781,Mike R,27,0,False,151806326,,1219067,False,False,18,11,[]
-109804,Carbono eSports Black,335781,Mike R,28,0,False,153030890,,1224564,False,False,18,11,[]
-109804,Carbono eSports Black,335781,Mike R,29,4,True,154256229,,1225339,False,False,18,11,['off track']
-109804,Carbono eSports Black,335781,Mike R,30,4,True,155469101,,1212872,False,False,18,11,['off track']
-109804,Carbono eSports Black,335781,Mike R,31,4,True,156710932,,1241831,False,False,18,11,['off track']
-109804,Carbono eSports Black,335781,Mike R,32,4,True,157925299,,1214367,False,False,18,11,['off track']
-109804,Carbono eSports Black,335781,Mike R,33,0,False,159136352,,1211053,False,False,18,11,[]
-109804,Carbono eSports Black,335781,Mike R,34,4,True,160384325,,1247973,False,False,18,11,['off track']
-109804,Carbono eSports Black,335781,Mike R,35,4,True,161596718,,1212393,False,False,18,11,['off track']
-109804,Carbono eSports Black,335781,Mike R,36,0,False,162823574,,1226856,False,False,18,11,[]
-109804,Carbono eSports Black,335781,Mike R,37,4,True,164040832,,1217258,False,False,18,11,['off track']
-109804,Carbono eSports Black,335781,Mike R,38,4,True,165256118,,1215286,False,False,18,11,['off track']
-109804,Carbono eSports Black,335781,Mike R,39,6,True,166562240,,1306122,False,False,18,11,"['pitted', 'off track']"
-109804,Carbono eSports Black,292820,Juanjo Gragera,0,2,False,17890634,,-1,False,False,20,11,['pitted']
-109804,Carbono eSports Black,292820,Juanjo Gragera,1,4,True,19108509,,1217875,False,False,20,11,['off track']
-109804,Carbono eSports Black,292820,Juanjo Gragera,2,0,False,20321012,,1212503,False,False,20,11,[]
-109804,Carbono eSports Black,292820,Juanjo Gragera,3,0,False,21530694,,1209682,False,True,20,11,[]
-109804,Carbono eSports Black,292820,Juanjo Gragera,4,0,False,22753798,,1223104,False,False,20,11,[]
-109804,Carbono eSports Black,292820,Juanjo Gragera,5,4,True,23975676,,1221878,False,False,20,11,['off track']
-109804,Carbono eSports Black,292820,Juanjo Gragera,6,0,False,25200406,,1224730,False,False,20,11,[]
-109804,Carbono eSports Black,292820,Juanjo Gragera,7,279,True,31400776,,-1,False,False,20,11,"['invalid', 'pitted', 'off track', 'car reset', 'discontinuity']"
-109804,Carbono eSports Black,292820,Juanjo Gragera,8,0,False,32618347,,1217571,False,False,20,11,[]
-109804,Carbono eSports Black,292820,Juanjo Gragera,9,0,False,33847821,,1229474,False,False,20,11,[]
-109804,Carbono eSports Black,292820,Juanjo Gragera,10,0,False,35072737,,1224916,False,False,20,11,[]
-109804,Carbono eSports Black,292820,Juanjo Gragera,11,0,False,36297953,,1225216,False,False,20,11,[]
-109804,Carbono eSports Black,292820,Juanjo Gragera,12,64,True,37538517,,1240564,False,False,20,11,['car contact']
-109804,Carbono eSports Black,292820,Juanjo Gragera,13,0,False,38760245,,1221728,False,False,20,11,[]
-109804,Carbono eSports Black,292820,Juanjo Gragera,14,0,False,39983068,,1222823,False,False,20,11,[]
-57409,Team Juanma Frias Gamez,227966,Juanma Frias Gamez,0,275,False,64514321,,-1,False,False,19,15,"['invalid', 'pitted', 'car reset', 'discontinuity']"
-57409,Team Juanma Frias Gamez,227966,Juanma Frias Gamez,1,0,False,65882764,,1368443,True,True,19,15,[]
-57409,Team Juanma Frias Gamez,227966,Juanma Frias Gamez,2,4,True,67255057,,1372293,False,False,19,15,['off track']
-57409,Team Juanma Frias Gamez,227966,Juanma Frias Gamez,3,0,False,68629497,,1374440,False,False,19,15,[]
-57409,Team Juanma Frias Gamez,227966,Juanma Frias Gamez,4,279,True,82735685,,-1,False,False,19,15,"['invalid', 'pitted', 'off track', 'car reset', 'discontinuity']"
-57409,Team Juanma Frias Gamez,227966,Juanma Frias Gamez,5,279,True,84952400,,-1,False,False,19,15,"['invalid', 'pitted', 'off track', 'car reset', 'discontinuity']"
-57409,Team Juanma Frias Gamez,227966,Juanma Frias Gamez,6,0,False,86322522,,1370122,False,False,19,15,[]
-215259,GO! eSports,528824,Kiko Lacalle,0,2,False,82406601,,-1,False,False,20,288,['pitted']
-215259,GO! eSports,528824,Kiko Lacalle,1,0,False,83778193,,1371592,False,False,20,288,[]
-215259,GO! eSports,528824,Kiko Lacalle,2,4,True,85148506,,1370313,True,True,20,288,['off track']
-215259,GO! eSports,528824,Kiko Lacalle,3,0,False,86523287,,1374781,False,False,20,288,[]
-215259,GO! eSports,528824,Kiko Lacalle,4,4,True,87898414,,1375127,False,False,20,288,['off track']
-215259,GO! eSports,528824,Kiko Lacalle,5,0,False,89276863,,1378449,False,False,20,288,[]
-215259,GO! eSports,528824,Kiko Lacalle,6,0,False,90653397,,1376534,False,False,20,288,[]
-215259,GO! eSports,528824,Kiko Lacalle,7,0,False,92027150,,1373753,False,False,20,288,[]
-215259,GO! eSports,528824,Kiko Lacalle,8,0,False,93401485,,1374335,False,False,20,288,[]
-215259,GO! eSports,528824,Kiko Lacalle,9,6,True,94831342,,1429857,False,False,20,288,"['pitted', 'off track']"
-215259,GO! eSports,528824,Kiko Lacalle,10,275,False,119027673,,-1,False,False,20,288,"['invalid', 'pitted', 'car reset', 'discontinuity']"
-215259,GO! eSports,528824,Kiko Lacalle,11,0,False,120408850,,1381177,False,False,20,288,[]
-215259,GO! eSports,528824,Kiko Lacalle,12,0,False,121792008,,1383158,False,False,20,288,[]
-215259,GO! eSports,528824,Kiko Lacalle,13,0,False,123181460,,1389452,False,False,20,288,[]
-215259,GO! eSports,528824,Kiko Lacalle,14,4,True,124562017,,1380557,False,False,20,288,['off track']
-129672,Zero7 Racing #201,607475,Lorenzo Castellani,20,279,True,56493357,,1797432,False,False,20,201,"['invalid', 'pitted', 'off track', 'car reset', 'discontinuity']"
-129672,Zero7 Racing #201,607475,Lorenzo Castellani,21,283,False,59729480,,-1,False,False,20,201,"['invalid', 'pitted', 'black flag', 'car reset', 'discontinuity']"
-129672,Zero7 Racing #201,607475,Lorenzo Castellani,22,279,True,71934427,,-1,False,False,20,201,"['invalid', 'pitted', 'off track', 'car reset', 'discontinuity']"
-129672,Zero7 Racing #201,607475,Lorenzo Castellani,23,311,True,78157439,,-1,False,False,20,201,"['invalid', 'pitted', 'off track', 'car reset', 'contact', 'discontinuity']"
-129672,Zero7 Racing #201,607475,Lorenzo Castellani,24,0,False,79531367,,1373928,False,False,20,201,[]
-129672,Zero7 Racing #201,607475,Lorenzo Castellani,25,4,True,80902639,,1371272,True,True,20,201,['off track']
-129672,Zero7 Racing #201,607475,Lorenzo Castellani,26,279,True,82496227,,-1,False,False,20,201,"['invalid', 'pitted', 'off track', 'car reset', 'discontinuity']"
-129672,Zero7 Racing #201,607475,Lorenzo Castellani,27,4,True,83868987,,1372760,False,False,20,201,['off track']
-129672,Zero7 Racing #201,607475,Lorenzo Castellani,28,275,False,85267088,,-1,False,False,20,201,"['invalid', 'pitted', 'car reset', 'discontinuity']"
-129672,Zero7 Racing #201,59708,Luigi Nespolino,0,2,False,27309639,,-1,False,False,19,201,['pitted']
-129672,Zero7 Racing #201,59708,Luigi Nespolino,1,0,False,28694864,,1385225,False,False,19,201,[]
-129672,Zero7 Racing #201,59708,Luigi Nespolino,2,0,False,30087014,,1392150,False,False,19,201,[]
-129672,Zero7 Racing #201,59708,Luigi Nespolino,3,4,True,31471450,,1384436,False,False,19,201,['off track']
-129672,Zero7 Racing #201,59708,Luigi Nespolino,4,0,False,32854400,,1382950,False,False,19,201,[]
-129672,Zero7 Racing #201,59708,Luigi Nespolino,5,0,False,34236574,,1382174,False,False,19,201,[]
-129672,Zero7 Racing #201,59708,Luigi Nespolino,6,4,True,35621592,,1385018,False,False,19,201,['off track']
-129672,Zero7 Racing #201,59708,Luigi Nespolino,7,4,True,37005227,,1383635,False,False,19,201,['off track']
-129672,Zero7 Racing #201,59708,Luigi Nespolino,8,279,True,38992040,,-1,False,False,19,201,"['invalid', 'pitted', 'off track', 'car reset', 'discontinuity']"
-129672,Zero7 Racing #201,59708,Luigi Nespolino,9,0,False,40364980,,1372940,False,False,19,201,[]
-129672,Zero7 Racing #201,59708,Luigi Nespolino,10,0,False,41743450,,1378470,False,False,19,201,[]
-129672,Zero7 Racing #201,59708,Luigi Nespolino,11,279,True,43667958,,-1,False,False,19,201,"['invalid', 'pitted', 'off track', 'car reset', 'discontinuity']"
-129672,Zero7 Racing #201,59708,Luigi Nespolino,12,0,False,45040253,,1372295,False,True,19,201,[]
-129672,Zero7 Racing #201,59708,Luigi Nespolino,13,0,False,46421394,,1381141,False,False,19,201,[]
-129672,Zero7 Racing #201,59708,Luigi Nespolino,14,0,False,47798168,,1376774,False,False,19,201,[]
-129672,Zero7 Racing #201,59708,Luigi Nespolino,15,4,True,49178198,,1380030,False,False,19,201,['off track']
-129672,Zero7 Racing #201,59708,Luigi Nespolino,16,0,False,50556747,,1378549,False,False,19,201,[]
-129672,Zero7 Racing #201,59708,Luigi Nespolino,17,0,False,51935239,,1378492,False,False,19,201,[]
-129672,Zero7 Racing #201,59708,Luigi Nespolino,18,0,False,53314380,,1379141,False,False,19,201,[]
-129672,Zero7 Racing #201,59708,Luigi Nespolino,19,0,False,54695925,,1381545,False,False,19,201,[]
-134184,GROW RACING TEAM RED,286658,Marcelo Eusébio,0,279,True,39127593,,-1,False,False,18,298,"['invalid', 'pitted', 'off track', 'car reset', 'discontinuity']"
-134184,GROW RACING TEAM RED,286658,Marcelo Eusébio,1,4,True,40508069,,1380476,False,False,18,298,['off track']
-134184,GROW RACING TEAM RED,286658,Marcelo Eusébio,2,0,False,41885595,,1377526,False,False,18,298,[]
-134184,GROW RACING TEAM RED,286658,Marcelo Eusébio,3,4,True,43267219,,1381624,False,False,18,298,['off track']
-134184,GROW RACING TEAM RED,286658,Marcelo Eusébio,4,4,True,44648748,,1381529,False,False,18,298,['off track']
-134184,GROW RACING TEAM RED,286658,Marcelo Eusébio,5,0,False,46028695,,1379947,False,False,18,298,[]
-134184,GROW RACING TEAM RED,286658,Marcelo Eusébio,6,4,True,47410946,,1382251,False,False,18,298,['off track']
-134184,GROW RACING TEAM RED,286658,Marcelo Eusébio,7,4,True,48789903,,1378957,False,False,18,298,['off track']
-134184,GROW RACING TEAM RED,286658,Marcelo Eusébio,8,0,False,50173874,,1383971,False,False,18,298,[]
-134184,GROW RACING TEAM RED,286658,Marcelo Eusébio,9,0,False,51552327,,1378453,False,False,18,298,[]
-134184,GROW RACING TEAM RED,286658,Marcelo Eusébio,10,0,False,52929984,,1377657,False,False,18,298,[]
-134184,GROW RACING TEAM RED,286658,Marcelo Eusébio,11,4,True,54305012,,1375028,False,False,18,298,['off track']
-134184,GROW RACING TEAM RED,286658,Marcelo Eusébio,12,0,False,55681256,,1376244,False,False,18,298,[]
-134184,GROW RACING TEAM RED,286658,Marcelo Eusébio,13,0,False,57057401,,1376145,False,False,18,298,[]
-134184,GROW RACING TEAM RED,286658,Marcelo Eusébio,14,0,False,58434141,,1376740,False,False,18,298,[]
-134184,GROW RACING TEAM RED,286658,Marcelo Eusébio,15,439,True,61077776,,-1,False,False,18,298,"['invalid', 'pitted', 'off track', 'car reset', 'contact', 'lost control', 'discontinuity']"
-134184,GROW RACING TEAM RED,286658,Marcelo Eusébio,16,4,True,62461278,,1383502,False,False,18,298,['off track']
-134184,GROW RACING TEAM RED,286658,Marcelo Eusébio,17,0,False,63841683,,1380405,False,False,18,298,[]
-134184,GROW RACING TEAM RED,286658,Marcelo Eusébio,18,279,True,66364703,,-1,False,False,18,298,"['invalid', 'pitted', 'off track', 'car reset', 'discontinuity']"
-134184,GROW RACING TEAM RED,286658,Marcelo Eusébio,19,0,False,67737751,,1373048,True,True,18,298,[]
-134184,GROW RACING TEAM RED,286658,Marcelo Eusébio,20,4,True,69111977,,1374226,False,False,18,298,['off track']
-134184,GROW RACING TEAM RED,286658,Marcelo Eusébio,21,0,False,70487743,,1375766,False,False,18,298,[]
-134184,GROW RACING TEAM RED,286658,Marcelo Eusébio,22,0,False,71867088,,1379345,False,False,18,298,[]
-134184,GROW RACING TEAM RED,286658,Marcelo Eusébio,23,0,False,73245939,,1378851,False,False,18,298,[]
-134184,GROW RACING TEAM RED,286658,Marcelo Eusébio,24,0,False,74622825,,1376886,False,False,18,298,[]
-134184,GROW RACING TEAM RED,286658,Marcelo Eusébio,25,2,False,76052107,,1429282,False,False,18,298,['pitted']
-194019,EUROMASTER ESPORTS,636125,Hiago Martins,0,6,True,64475918,,-1,False,False,18,264,"['pitted', 'off track']"
-194019,EUROMASTER ESPORTS,636125,Hiago Martins,1,4,True,65855087,,1379169,False,False,18,264,['off track']
-194019,EUROMASTER ESPORTS,636125,Hiago Martins,2,4,True,67247933,,1392846,False,False,18,264,['off track']
-194019,EUROMASTER ESPORTS,636125,Hiago Martins,3,0,False,68626771,,1378838,False,False,18,264,[]
-194019,EUROMASTER ESPORTS,636125,Hiago Martins,4,4,True,70025738,,1398967,False,False,18,264,['off track']
-194019,EUROMASTER ESPORTS,636125,Hiago Martins,5,4,True,71427448,,1401710,False,False,18,264,['off track']
-194019,EUROMASTER ESPORTS,636125,Hiago Martins,6,279,True,164350635,,-1,False,False,18,264,"['invalid', 'pitted', 'off track', 'car reset', 'discontinuity']"
-194019,EUROMASTER ESPORTS,636125,Hiago Martins,7,0,False,165728180,,1377545,False,False,18,264,[]
-194019,EUROMASTER ESPORTS,636125,Hiago Martins,8,4,True,167105768,,1377588,False,False,18,264,['off track']
-194019,EUROMASTER ESPORTS,636125,Hiago Martins,9,4,True,168493772,,1388004,False,False,18,264,['off track']
-194019,EUROMASTER ESPORTS,636125,Hiago Martins,10,279,True,171855061,,-1,False,False,18,264,"['invalid', 'pitted', 'off track', 'car reset', 'discontinuity']"
-194019,EUROMASTER ESPORTS,636125,Hiago Martins,11,0,False,173228929,,1373868,True,True,18,264,[]
-194019,EUROMASTER ESPORTS,636125,Hiago Martins,12,0,False,174620345,,1391416,False,False,18,264,[]
-194019,EUROMASTER ESPORTS,636125,Hiago Martins,13,4,True,176017684,,1397339,False,False,18,264,['off track']
-194019,EUROMASTER ESPORTS,636125,Hiago Martins,14,0,False,177396684,,1379000,False,False,18,264,[]
-257829,SR TECHNIC #PEC,25377,Aurelio Carneiro,0,2,False,110066486,,-1,False,False,14,357,['pitted']
-257829,SR TECHNIC #PEC,25377,Aurelio Carneiro,1,0,False,111448530,,1382044,False,False,14,357,[]
-257829,SR TECHNIC #PEC,25377,Aurelio Carneiro,2,0,False,112831935,,1383405,False,False,14,357,[]
-257829,SR TECHNIC #PEC,25377,Aurelio Carneiro,3,311,True,114322481,,-1,False,False,14,357,"['invalid', 'pitted', 'off track', 'car reset', 'contact', 'discontinuity']"
-257829,SR TECHNIC #PEC,25377,Aurelio Carneiro,4,311,True,116077962,,-1,False,False,14,357,"['invalid', 'pitted', 'off track', 'car reset', 'contact', 'discontinuity']"
-257829,SR TECHNIC #PEC,25377,Aurelio Carneiro,5,0,False,117453073,,1375111,False,False,14,357,[]
-257829,SR TECHNIC #PEC,25377,Aurelio Carneiro,6,4,True,118853281,,1400208,False,False,14,357,['off track']
-257829,SR TECHNIC #PEC,25377,Aurelio Carneiro,7,0,False,120227693,,1374412,False,False,14,357,[]
-257829,SR TECHNIC #PEC,25377,Aurelio Carneiro,8,0,False,121601667,,1373974,True,True,14,357,[]
-257829,SR TECHNIC #PEC,25377,Aurelio Carneiro,9,311,True,123726449,,-1,False,False,14,357,"['invalid', 'pitted', 'off track', 'car reset', 'contact', 'discontinuity']"
-257829,SR TECHNIC #PEC,25377,Aurelio Carneiro,10,439,True,125667336,,-1,False,False,14,357,"['invalid', 'pitted', 'off track', 'car reset', 'contact', 'lost control', 'discontinuity']"
-257829,SR TECHNIC #PEC,25377,Aurelio Carneiro,11,0,False,127042505,,1375169,False,False,14,357,[]
-334321,Team Aleix Garcia,496743,Aleix Garcia,0,2,False,64466538,,-1,False,False,20,17,['pitted']
-334321,Team Aleix Garcia,496743,Aleix Garcia,1,0,False,65848167,,1381629,False,False,20,17,[]
-334321,Team Aleix Garcia,496743,Aleix Garcia,2,0,False,67223849,,1375682,True,True,20,17,[]
-334321,Team Aleix Garcia,496743,Aleix Garcia,3,0,False,68602736,,1378887,False,False,20,17,[]
-334321,Team Aleix Garcia,496743,Aleix Garcia,4,4,True,70028263,,1425527,False,False,20,17,['off track']
-334321,Team Aleix Garcia,496743,Aleix Garcia,5,0,False,71434595,,1406332,False,False,20,17,[]
-257830,SR TECHNIC,613054,Luis Marinho,0,2,False,84424480,,-1,False,False,19,213,['pitted']
-257830,SR TECHNIC,613054,Luis Marinho,1,0,False,85810561,,1386081,False,False,19,213,[]
-257830,SR TECHNIC,613054,Luis Marinho,2,4,True,87197021,,1386460,False,False,19,213,['off track']
-257830,SR TECHNIC,613054,Luis Marinho,3,0,False,88580155,,1383134,False,False,19,213,[]
-257830,SR TECHNIC,613054,Luis Marinho,4,0,False,89964394,,1384239,False,False,19,213,[]
-257830,SR TECHNIC,613054,Luis Marinho,5,279,True,93454728,,-1,False,False,19,213,"['invalid', 'pitted', 'off track', 'car reset', 'discontinuity']"
-257830,SR TECHNIC,613054,Luis Marinho,6,0,False,94832485,,1377757,False,False,19,213,[]
-257830,SR TECHNIC,613054,Luis Marinho,7,4,True,96215172,,1382687,False,False,19,213,['off track']
-257830,SR TECHNIC,613054,Luis Marinho,8,0,False,97598162,,1382990,False,False,19,213,[]
-257830,SR TECHNIC,613054,Luis Marinho,9,279,True,99339894,,-1,False,False,19,213,"['invalid', 'pitted', 'off track', 'car reset', 'discontinuity']"
-257830,SR TECHNIC,613054,Luis Marinho,10,0,False,100716251,,1376357,True,True,19,213,[]
-257830,SR TECHNIC,613054,Luis Marinho,11,0,False,102094191,,1377940,False,False,19,213,[]
-257830,SR TECHNIC,613054,Luis Marinho,12,0,False,103475337,,1381146,False,False,19,213,[]
-257830,SR TECHNIC,613054,Luis Marinho,13,0,False,104856806,,1381469,False,False,19,213,[]
-257830,SR TECHNIC,613054,Luis Marinho,14,0,False,106235593,,1378787,False,False,19,213,[]
-257830,SR TECHNIC,613054,Luis Marinho,15,0,False,107615814,,1380221,False,False,19,213,[]
-257830,SR TECHNIC,613054,Luis Marinho,16,0,False,109000516,,1384702,False,False,19,213,[]
-257830,SR TECHNIC,613054,Luis Marinho,17,4,True,110382614,,1382098,False,False,19,213,['off track']
-257830,SR TECHNIC,613054,Luis Marinho,18,279,True,117091766,,-1,False,False,19,213,"['invalid', 'pitted', 'off track', 'car reset', 'discontinuity']"
-257830,SR TECHNIC,613054,Luis Marinho,19,0,False,118497943,,1406177,False,False,19,213,[]
-257830,SR TECHNIC,613054,Luis Marinho,20,0,False,119877524,,1379581,False,False,19,213,[]
-108667,ASCE Refugio Alcasser Kuruma,572543,Iago Mosquera,0,439,True,25031139,,-1,False,False,19,98,"['invalid', 'pitted', 'off track', 'car reset', 'contact', 'lost control', 'discontinuity']"
-108667,ASCE Refugio Alcasser Kuruma,572543,Iago Mosquera,1,4,True,26412305,,1381166,False,False,19,98,['off track']
-108667,ASCE Refugio Alcasser Kuruma,572543,Iago Mosquera,2,4,True,27794231,,1381926,False,False,19,98,['off track']
-108667,ASCE Refugio Alcasser Kuruma,572543,Iago Mosquera,3,0,False,29175105,,1380874,False,False,19,98,[]
-108667,ASCE Refugio Alcasser Kuruma,572543,Iago Mosquera,4,4,True,30552148,,1377043,False,False,19,98,['off track']
-108667,ASCE Refugio Alcasser Kuruma,572543,Iago Mosquera,5,279,True,33146464,,-1,False,False,19,98,"['invalid', 'pitted', 'off track', 'car reset', 'discontinuity']"
-108667,ASCE Refugio Alcasser Kuruma,572543,Iago Mosquera,6,4,True,34526195,,1379731,False,False,19,98,['off track']
-108667,ASCE Refugio Alcasser Kuruma,572543,Iago Mosquera,7,4,True,35902553,,1376358,True,True,19,98,['off track']
-55648,Kuruma MotorSport,272192,Toño N. Ordieres,0,439,True,25164425,,-1,False,False,19,289,"['invalid', 'pitted', 'off track', 'car reset', 'contact', 'lost control', 'discontinuity']"
-55648,Kuruma MotorSport,272192,Toño N. Ordieres,1,4,True,26569956,,1405531,False,False,19,289,['off track']
-55648,Kuruma MotorSport,272192,Toño N. Ordieres,2,0,False,27952190,,1382234,False,False,19,289,[]
-55648,Kuruma MotorSport,272192,Toño N. Ordieres,3,0,False,29334203,,1382013,False,False,19,289,[]
-55648,Kuruma MotorSport,272192,Toño N. Ordieres,4,0,False,30713393,,1379190,False,False,19,289,[]
-55648,Kuruma MotorSport,272192,Toño N. Ordieres,5,0,False,32097481,,1384088,False,False,19,289,[]
-55648,Kuruma MotorSport,272192,Toño N. Ordieres,6,0,False,33478233,,1380752,False,False,19,289,[]
-55648,Kuruma MotorSport,272192,Toño N. Ordieres,7,0,False,34859588,,1381355,False,False,19,289,[]
-55648,Kuruma MotorSport,272192,Toño N. Ordieres,8,4,True,36247343,,1387755,False,False,19,289,['off track']
-55648,Kuruma MotorSport,272192,Toño N. Ordieres,9,0,False,37637895,,1390552,False,False,19,289,[]
-55648,Kuruma MotorSport,272192,Toño N. Ordieres,10,0,False,39023834,,1385939,False,False,19,289,[]
-55648,Kuruma MotorSport,272192,Toño N. Ordieres,11,0,False,40407021,,1383187,False,False,19,289,[]
-55648,Kuruma MotorSport,272192,Toño N. Ordieres,12,0,False,41787181,,1380160,False,False,19,289,[]
-55648,Kuruma MotorSport,272192,Toño N. Ordieres,13,4,True,43168693,,1381512,False,False,19,289,['off track']
-55648,Kuruma MotorSport,272192,Toño N. Ordieres,14,0,False,44551400,,1382707,False,False,19,289,[]
-55648,Kuruma MotorSport,272192,Toño N. Ordieres,15,0,False,45935089,,1383689,False,False,19,289,[]
-55648,Kuruma MotorSport,272192,Toño N. Ordieres,16,4,True,47315300,,1380211,False,False,19,289,['off track']
-55648,Kuruma MotorSport,272192,Toño N. Ordieres,17,4,True,48697917,,1382617,False,False,19,289,['off track']
-55648,Kuruma MotorSport,272192,Toño N. Ordieres,18,4,True,50076487,,1378570,False,False,19,289,['off track']
-55648,Kuruma MotorSport,272192,Toño N. Ordieres,19,0,False,51458557,,1382070,False,False,19,289,[]
-55648,Kuruma MotorSport,272192,Toño N. Ordieres,20,0,False,52836663,,1378106,True,True,19,289,[]
-55648,Kuruma MotorSport,272192,Toño N. Ordieres,21,4,True,54237049,,1400386,False,False,19,289,['off track']
-55648,Kuruma MotorSport,272192,Toño N. Ordieres,22,4,True,55617523,,1380474,False,False,19,289,['off track']
-55648,Kuruma MotorSport,272192,Toño N. Ordieres,23,4,True,56997581,,1380058,False,False,19,289,['off track']
-55648,Kuruma MotorSport,272192,Toño N. Ordieres,24,134,True,58514104,,1516523,False,False,19,289,"['pitted', 'off track', 'lost control']"
-55648,Kuruma MotorSport,272192,Toño N. Ordieres,25,258,False,60803721,,2289617,False,False,19,289,"['pitted', 'discontinuity']"
-55648,Kuruma MotorSport,272192,Toño N. Ordieres,26,0,False,62184755,,1381034,False,False,19,289,[]
-55648,Kuruma MotorSport,272192,Toño N. Ordieres,27,275,False,67037812,,-1,False,False,19,289,"['invalid', 'pitted', 'car reset', 'discontinuity']"
-55648,Kuruma MotorSport,272192,Toño N. Ordieres,28,0,False,68417089,,1379277,False,False,19,289,[]
-55648,Kuruma MotorSport,272192,Toño N. Ordieres,29,0,False,69795259,,1378170,False,False,19,289,[]
-55648,Kuruma MotorSport,272192,Toño N. Ordieres,30,0,False,71178772,,1383513,False,False,19,289,[]
-55648,Kuruma MotorSport,272192,Toño N. Ordieres,31,0,False,72566480,,1387708,False,False,19,289,[]
-154838,Sim Racing Concept,426829,Alberto Padilla,0,2,False,26547019,,-1,False,False,20,12,['pitted']
-154838,Sim Racing Concept,426829,Alberto Padilla,1,0,False,27946545,,1399526,False,False,20,12,[]
-154838,Sim Racing Concept,426829,Alberto Padilla,2,1471,True,33222392,,-1,False,False,20,12,"['invalid', 'pitted', 'off track', 'black flag', 'car reset', 'contact', 'lost control', 'discontinuity', 'clock smash']"
-154838,Sim Racing Concept,426829,Alberto Padilla,3,311,True,37323312,,-1,False,False,20,12,"['invalid', 'pitted', 'off track', 'car reset', 'contact', 'discontinuity']"
-154838,Sim Racing Concept,426829,Alberto Padilla,4,0,False,38718224,,1394912,False,False,20,12,[]
-154838,Sim Racing Concept,426829,Alberto Padilla,5,0,False,40116553,,1398329,False,False,20,12,[]
-154838,Sim Racing Concept,426829,Alberto Padilla,6,0,False,41512268,,1395715,False,False,20,12,[]
-154838,Sim Racing Concept,426829,Alberto Padilla,7,0,False,42906855,,1394587,False,False,20,12,[]
-154838,Sim Racing Concept,426829,Alberto Padilla,8,0,False,44302958,,1396103,False,False,20,12,[]
-154838,Sim Racing Concept,426829,Alberto Padilla,9,0,False,45702500,,1399542,False,False,20,12,[]
-154838,Sim Racing Concept,426829,Alberto Padilla,10,0,False,47097102,,1394602,False,False,20,12,[]
-154838,Sim Racing Concept,426829,Alberto Padilla,11,0,False,48495362,,1398260,False,False,20,12,[]
-154838,Sim Racing Concept,426829,Alberto Padilla,12,0,False,49895382,,1400020,False,False,20,12,[]
-154838,Sim Racing Concept,426829,Alberto Padilla,13,4,True,51299902,,1404520,False,False,20,12,['off track']
-154838,Sim Racing Concept,426829,Alberto Padilla,14,0,False,52705940,,1406038,False,False,20,12,[]
-154838,Sim Racing Concept,426829,Alberto Padilla,15,0,False,54098106,,1392166,False,False,20,12,[]
-154838,Sim Racing Concept,426829,Alberto Padilla,16,0,False,55495299,,1397193,False,False,20,12,[]
-154838,Sim Racing Concept,426829,Alberto Padilla,17,0,False,56888410,,1393111,False,False,20,12,[]
-154838,Sim Racing Concept,426829,Alberto Padilla,18,0,False,58279198,,1390788,False,False,20,12,[]
-154838,Sim Racing Concept,426829,Alberto Padilla,19,0,False,59670247,,1391049,False,False,20,12,[]
-154838,Sim Racing Concept,426829,Alberto Padilla,20,4,True,61072068,,1401821,False,False,20,12,['off track']
-154838,Sim Racing Concept,426829,Alberto Padilla,21,4,True,62471755,,1399687,False,False,20,12,['off track']
-154838,Sim Racing Concept,426829,Alberto Padilla,22,0,False,63864740,,1392985,False,False,20,12,[]
-154838,Sim Racing Concept,426829,Alberto Padilla,23,0,False,65262956,,1398216,False,False,20,12,[]
-154838,Sim Racing Concept,426829,Alberto Padilla,24,4,True,66658453,,1395497,False,False,20,12,['off track']
-154838,Sim Racing Concept,426829,Alberto Padilla,25,0,False,68050226,,1391773,False,False,20,12,[]
-154838,Sim Racing Concept,426829,Alberto Padilla,26,0,False,69449401,,1399175,False,False,20,12,[]
-154838,Sim Racing Concept,426829,Alberto Padilla,27,0,False,70857197,,1407796,False,False,20,12,[]
-154838,Sim Racing Concept,426829,Alberto Padilla,28,279,True,77959423,,-1,False,False,20,12,"['invalid', 'pitted', 'off track', 'car reset', 'discontinuity']"
-154838,Sim Racing Concept,426829,Alberto Padilla,29,0,False,79347569,,1388146,False,False,20,12,[]
-154838,Sim Racing Concept,426829,Alberto Padilla,30,0,False,80735943,,1388374,False,False,20,12,[]
-154838,Sim Racing Concept,426829,Alberto Padilla,31,279,True,82287712,,-1,False,False,20,12,"['invalid', 'pitted', 'off track', 'car reset', 'discontinuity']"
-154838,Sim Racing Concept,426829,Alberto Padilla,32,0,False,83670319,,1382607,True,True,20,12,[]
-301539,SIM RACING CONCEPT,730865,David Gutierrez4,0,2,False,7402214,,-1,False,False,20,277,['pitted']
-301539,SIM RACING CONCEPT,730865,David Gutierrez4,1,0,False,8792351,,1390137,False,False,20,277,[]
-301539,SIM RACING CONCEPT,730865,David Gutierrez4,2,0,False,10176292,,1383941,False,False,20,277,[]
-301539,SIM RACING CONCEPT,730865,David Gutierrez4,3,0,False,11559238,,1382946,True,True,20,277,[]
-301539,SIM RACING CONCEPT,730865,David Gutierrez4,4,0,False,12949149,,1389911,False,False,20,277,[]
-301539,SIM RACING CONCEPT,730865,David Gutierrez4,5,0,False,14337756,,1388607,False,False,20,277,[]
-301539,SIM RACING CONCEPT,730865,David Gutierrez4,6,0,False,15729324,,1391568,False,False,20,277,[]
-301539,SIM RACING CONCEPT,730865,David Gutierrez4,7,0,False,17126217,,1396893,False,False,20,277,[]
-301539,SIM RACING CONCEPT,730865,David Gutierrez4,8,0,False,18518361,,1392144,False,False,20,277,[]
-301539,SIM RACING CONCEPT,730865,David Gutierrez4,9,4,True,19910935,,1392574,False,False,20,277,['off track']
-301539,SIM RACING CONCEPT,730865,David Gutierrez4,10,0,False,21302821,,1391886,False,False,20,277,[]
-301539,SIM RACING CONCEPT,730865,David Gutierrez4,11,0,False,22696521,,1393700,False,False,20,277,[]
-301539,SIM RACING CONCEPT,730865,David Gutierrez4,12,0,False,24097910,,1401389,False,False,20,277,[]
-301539,SIM RACING CONCEPT,730865,David Gutierrez4,13,4,True,25494521,,1396611,False,False,20,277,['off track']
-301539,SIM RACING CONCEPT,730865,David Gutierrez4,14,0,False,26885445,,1390924,False,False,20,277,[]
-301539,SIM RACING CONCEPT,730865,David Gutierrez4,15,4,True,28282912,,1397467,False,False,20,277,['off track']
-301539,SIM RACING CONCEPT,730865,David Gutierrez4,16,0,False,29672248,,1389336,False,False,20,277,[]
-301539,SIM RACING CONCEPT,730865,David Gutierrez4,17,0,False,31059620,,1387372,False,False,20,277,[]
-301539,SIM RACING CONCEPT,730865,David Gutierrez4,18,0,False,32443927,,1384307,False,False,20,277,[]
-301539,SIM RACING CONCEPT,730865,David Gutierrez4,19,4,True,33829854,,1385927,False,False,20,277,['off track']
-301539,SIM RACING CONCEPT,730865,David Gutierrez4,20,0,False,35216218,,1386364,False,False,20,277,[]
-301539,SIM RACING CONCEPT,730865,David Gutierrez4,21,0,False,36601133,,1384915,False,False,20,277,[]
-301539,SIM RACING CONCEPT,730865,David Gutierrez4,22,4,True,38001015,,1399882,False,False,20,277,['off track']
-301539,SIM RACING CONCEPT,730865,David Gutierrez4,23,0,False,39387992,,1386977,False,False,20,277,[]
-301539,SIM RACING CONCEPT,730865,David Gutierrez4,24,2,False,40832280,,1444288,False,False,20,277,['pitted']
-301539,SIM RACING CONCEPT,730865,David Gutierrez4,25,11,False,53509154,,-1,False,False,20,277,"['invalid', 'pitted', 'black flag']"
-301539,SIM RACING CONCEPT,730865,David Gutierrez4,26,0,False,54895715,,1386561,False,False,20,277,[]
-301539,SIM RACING CONCEPT,730865,David Gutierrez4,27,0,False,56279046,,1383331,False,False,20,277,[]
-301539,SIM RACING CONCEPT,730865,David Gutierrez4,28,0,False,57665640,,1386594,False,False,20,277,[]
-301539,SIM RACING CONCEPT,730865,David Gutierrez4,29,0,False,59055003,,1389363,False,False,20,277,[]
-301539,SIM RACING CONCEPT,730865,David Gutierrez4,30,275,False,61067423,,-1,False,False,20,277,"['invalid', 'pitted', 'car reset', 'discontinuity']"
-301539,SIM RACING CONCEPT,730865,David Gutierrez4,31,0,False,62453621,,1386198,False,False,20,277,[]
-301539,SIM RACING CONCEPT,730865,David Gutierrez4,32,0,False,63846464,,1392843,False,False,20,277,[]
-301539,SIM RACING CONCEPT,730865,David Gutierrez4,33,0,False,65272000,,1425536,False,False,20,277,[]
-301539,SIM RACING CONCEPT,730865,David Gutierrez4,34,0,False,66662656,,1390656,False,False,20,277,[]
-301539,SIM RACING CONCEPT,730865,David Gutierrez4,35,4,True,68055439,,1392783,False,False,20,277,['off track']
-301539,SIM RACING CONCEPT,730865,David Gutierrez4,36,0,False,69451991,,1396552,False,False,20,277,[]
-301539,SIM RACING CONCEPT,730865,David Gutierrez4,37,0,False,70855753,,1403762,False,False,20,277,[]
-330953,Carbono eSports Jose,606715,Jose F Velez,0,6,True,21340016,,-1,False,False,18,8,"['pitted', 'off track']"
-330953,Carbono eSports Jose,606715,Jose F Velez,1,0,False,22733882,,1393866,False,False,18,8,[]
-330953,Carbono eSports Jose,606715,Jose F Velez,2,0,False,24131444,,1397562,False,False,18,8,[]
-330953,Carbono eSports Jose,606715,Jose F Velez,3,4,True,25540106,,1408662,False,False,18,8,['off track']
-330953,Carbono eSports Jose,606715,Jose F Velez,4,4,True,26934517,,1394411,False,False,18,8,['off track']
-330953,Carbono eSports Jose,606715,Jose F Velez,5,4,True,28330802,,1396285,False,False,18,8,['off track']
-330953,Carbono eSports Jose,606715,Jose F Velez,6,0,False,29720284,,1389482,False,False,18,8,[]
-330953,Carbono eSports Jose,606715,Jose F Velez,7,4,True,31113687,,1393403,False,False,18,8,['off track']
-330953,Carbono eSports Jose,606715,Jose F Velez,8,0,False,32503643,,1389956,False,False,18,8,[]
-330953,Carbono eSports Jose,606715,Jose F Velez,9,279,True,130357055,,-1,False,False,18,8,"['invalid', 'pitted', 'off track', 'car reset', 'discontinuity']"
-330953,Carbono eSports Jose,606715,Jose F Velez,10,0,False,131758479,,1401424,False,False,18,8,[]
-330953,Carbono eSports Jose,606715,Jose F Velez,11,0,False,133155730,,1397251,False,False,18,8,[]
-330953,Carbono eSports Jose,606715,Jose F Velez,12,0,False,134556509,,1400779,False,False,18,8,[]
-330953,Carbono eSports Jose,606715,Jose F Velez,13,0,False,135961086,,1404577,False,False,18,8,[]
-330953,Carbono eSports Jose,606715,Jose F Velez,14,4,True,137366769,,1405683,False,False,18,8,['off track']
-330953,Carbono eSports Jose,606715,Jose F Velez,15,4,True,138774768,,1407999,False,False,18,8,['off track']
-330953,Carbono eSports Jose,606715,Jose F Velez,16,4,True,140185360,,1410592,False,False,18,8,['off track']
-330953,Carbono eSports Jose,606715,Jose F Velez,17,0,False,141587371,,1402011,False,False,18,8,[]
-330953,Carbono eSports Jose,606715,Jose F Velez,18,0,False,142990203,,1402832,False,False,18,8,[]
-330953,Carbono eSports Jose,606715,Jose F Velez,19,4,True,144392909,,1402706,False,False,18,8,['off track']
-330953,Carbono eSports Jose,606715,Jose F Velez,20,311,True,146623292,,-1,False,False,18,8,"['invalid', 'pitted', 'off track', 'car reset', 'contact', 'discontinuity']"
-330953,Carbono eSports Jose,606715,Jose F Velez,21,0,False,148009246,,1385954,False,False,18,8,[]
-330953,Carbono eSports Jose,606715,Jose F Velez,22,311,True,150649625,,-1,False,False,18,8,"['invalid', 'pitted', 'off track', 'car reset', 'contact', 'discontinuity']"
-330953,Carbono eSports Jose,606715,Jose F Velez,23,0,False,152032966,,1383341,True,True,18,8,[]
-330953,Carbono eSports Jose,606715,Jose F Velez,24,0,False,153432894,,1399928,False,False,18,8,[]
-330953,Carbono eSports Jose,606715,Jose F Velez,25,2,False,154873182,,1440288,False,False,18,8,['pitted']
-110547,Carbono eSports,631768,Gilberto J Alleyne,0,2,False,6748479,,-1,False,False,19,311,['pitted']
-110547,Carbono eSports,631768,Gilberto J Alleyne,1,0,False,8139064,,1390585,False,False,19,311,[]
-110547,Carbono eSports,631768,Gilberto J Alleyne,2,0,False,9529698,,1390634,False,False,19,311,[]
-110547,Carbono eSports,631768,Gilberto J Alleyne,3,4,True,10924311,,1394613,False,False,19,311,['off track']
-110547,Carbono eSports,631768,Gilberto J Alleyne,4,0,False,12315621,,1391310,False,False,19,311,[]
-110547,Carbono eSports,631768,Gilberto J Alleyne,5,0,False,13704592,,1388971,False,False,19,311,[]
-110547,Carbono eSports,631768,Gilberto J Alleyne,6,6,True,15160088,,1455496,False,False,19,311,"['pitted', 'off track']"
-110547,Carbono eSports,631768,Gilberto J Alleyne,7,7,True,17252285,,-1,False,False,19,311,"['invalid', 'pitted', 'off track']"
-110547,Carbono eSports,631768,Gilberto J Alleyne,8,0,False,18636579,,1384294,True,True,19,311,[]
-110547,Carbono eSports,631768,Gilberto J Alleyne,9,0,False,20027644,,1391065,False,False,19,311,[]
-110547,Carbono eSports,631768,Gilberto J Alleyne,10,0,False,21414252,,1386608,False,False,19,311,[]
-110547,Carbono eSports,631768,Gilberto J Alleyne,11,4,True,22806414,,1392162,False,False,19,311,['off track']
-110547,Carbono eSports,631768,Gilberto J Alleyne,12,4,True,24196865,,1390451,False,False,19,311,['off track']
-110547,Carbono eSports,631768,Gilberto J Alleyne,13,0,False,25587865,,1391000,False,False,19,311,[]
-110547,Carbono eSports,631768,Gilberto J Alleyne,14,0,False,26982034,,1394169,False,False,19,311,[]
-110547,Carbono eSports,631768,Gilberto J Alleyne,15,0,False,28373382,,1391348,False,False,19,311,[]
-110547,Carbono eSports,631768,Gilberto J Alleyne,16,0,False,29763761,,1390379,False,False,19,311,[]
-110547,Carbono eSports,631768,Gilberto J Alleyne,17,0,False,31150598,,1386837,False,False,19,311,[]
-110547,Carbono eSports,631768,Gilberto J Alleyne,18,0,False,32539496,,1388898,False,False,19,311,[]
-110547,Carbono eSports,631768,Gilberto J Alleyne,19,4,True,33935335,,1395839,False,False,19,311,['off track']
-110547,Carbono eSports,631768,Gilberto J Alleyne,20,0,False,35320138,,1384803,False,False,19,311,[]
-110547,Carbono eSports,631768,Gilberto J Alleyne,21,0,False,36706806,,1386668,False,False,19,311,[]
-110547,Carbono eSports,631768,Gilberto J Alleyne,22,4,True,38093213,,1386407,False,False,19,311,['off track']
-110547,Carbono eSports,631768,Gilberto J Alleyne,23,403,True,102319952,,-1,False,False,19,311,"['invalid', 'pitted', 'car reset', 'lost control', 'discontinuity']"
-110547,Carbono eSports,631768,Gilberto J Alleyne,24,0,False,103717123,,1397171,False,False,19,311,[]
-110547,Carbono eSports,631768,Gilberto J Alleyne,25,0,False,105112554,,1395431,False,False,19,311,[]
-110547,Carbono eSports,631768,Gilberto J Alleyne,26,0,False,106502017,,1389463,False,False,19,311,[]
-110547,Carbono eSports,631768,Gilberto J Alleyne,27,4,True,107892311,,1390294,False,False,19,311,['off track']
-110547,Carbono eSports,631768,Gilberto J Alleyne,28,0,False,109286661,,1394350,False,False,19,311,[]
-110547,Carbono eSports,631768,Gilberto J Alleyne,29,279,True,112504602,,-1,False,False,19,311,"['invalid', 'pitted', 'off track', 'car reset', 'discontinuity']"
-110547,Carbono eSports,631768,Gilberto J Alleyne,30,4,True,113889352,,1384750,False,False,19,311,['off track']
-110547,Carbono eSports,631768,Gilberto J Alleyne,31,0,False,115277925,,1388573,False,False,19,311,[]
-110547,Carbono eSports,631768,Gilberto J Alleyne,32,0,False,116669071,,1391146,False,False,19,311,[]
-110547,Carbono eSports,631768,Gilberto J Alleyne,33,4,True,118065951,,1396880,False,False,19,311,['off track']
-110547,Carbono eSports,631768,Gilberto J Alleyne,34,279,True,120921242,,-1,False,False,19,311,"['invalid', 'pitted', 'off track', 'car reset', 'discontinuity']"
-110547,Carbono eSports,631768,Gilberto J Alleyne,35,0,False,122308746,,1387504,False,False,19,311,[]
-110547,Carbono eSports,631768,Gilberto J Alleyne,36,0,False,123703885,,1395139,False,False,19,311,[]
-110547,Carbono eSports,631768,Gilberto J Alleyne,37,4,True,125100002,,1396117,False,False,19,311,['off track']
-110547,Carbono eSports,631768,Gilberto J Alleyne,38,279,True,127622481,,-1,False,False,19,311,"['invalid', 'pitted', 'off track', 'car reset', 'discontinuity']"
-110547,Carbono eSports,631768,Gilberto J Alleyne,39,0,False,129013234,,1390753,False,False,19,311,[]
-110547,Carbono eSports,631768,Gilberto J Alleyne,40,4,True,130400312,,1387078,False,False,19,311,['off track']
-110547,Carbono eSports,631768,Gilberto J Alleyne,41,4,True,131813337,,1413025,False,False,19,311,['off track']
-110547,Carbono eSports,631768,Gilberto J Alleyne,42,4,True,133210953,,1397616,False,False,19,311,['off track']
-110547,Carbono eSports,631768,Gilberto J Alleyne,43,279,True,135881404,,-1,False,False,19,311,"['invalid', 'pitted', 'off track', 'car reset', 'discontinuity']"
-110547,Carbono eSports,631768,Gilberto J Alleyne,44,4,True,137267511,,1386107,False,False,19,311,['off track']
-110547,Carbono eSports,631768,Gilberto J Alleyne,45,0,False,138660325,,1392814,False,False,19,311,[]
-110547,Carbono eSports,631768,Gilberto J Alleyne,46,0,False,140052845,,1392520,False,False,19,311,[]
-110547,Carbono eSports,631768,Gilberto J Alleyne,47,0,False,141444008,,1391163,False,False,19,311,[]
-110547,Carbono eSports,631768,Gilberto J Alleyne,48,4,True,142845093,,1401085,False,False,19,311,['off track']
-110547,Carbono eSports,631768,Gilberto J Alleyne,49,0,False,144234608,,1389515,False,False,19,311,[]
-110547,Carbono eSports,631768,Gilberto J Alleyne,50,0,False,145621052,,1386444,False,False,19,311,[]
-110547,Carbono eSports,631768,Gilberto J Alleyne,51,0,False,147010903,,1389851,False,False,19,311,[]
-110547,Carbono eSports,631768,Gilberto J Alleyne,52,0,False,148400774,,1389871,False,False,19,311,[]
-110547,Carbono eSports,631768,Gilberto J Alleyne,53,0,False,149785511,,1384737,False,False,19,311,[]
-110547,Carbono eSports,631768,Gilberto J Alleyne,54,0,False,151176680,,1391169,False,False,19,311,[]
-110547,Carbono eSports,631768,Gilberto J Alleyne,55,0,False,152569154,,1392474,False,False,19,311,[]
-110547,Carbono eSports,631768,Gilberto J Alleyne,56,0,False,153957049,,1387895,False,False,19,311,[]
-110547,Carbono eSports,631768,Gilberto J Alleyne,57,0,False,155346696,,1389647,False,False,19,311,[]
-110547,Carbono eSports,631768,Gilberto J Alleyne,58,0,False,156769626,,1422930,False,False,19,311,[]
-110547,Carbono eSports,631768,Gilberto J Alleyne,59,0,False,158162412,,1392786,False,False,19,311,[]
-110547,Carbono eSports,631768,Gilberto J Alleyne,60,0,False,159551388,,1388976,False,False,19,311,[]
-110547,Carbono eSports,631768,Gilberto J Alleyne,61,439,True,163002397,,-1,False,False,19,311,"['invalid', 'pitted', 'off track', 'car reset', 'contact', 'lost control', 'discontinuity']"
-311354,jrp team,850829,Jonathan Rivero Prudente,0,6,True,8402150,,-1,False,False,19,2,"['pitted', 'off track']"
-311354,jrp team,850829,Jonathan Rivero Prudente,1,0,False,9792279,,1390129,False,False,19,2,[]
-311354,jrp team,850829,Jonathan Rivero Prudente,2,4,True,11180137,,1387858,False,False,19,2,['off track']
-311354,jrp team,850829,Jonathan Rivero Prudente,3,4,True,13655960,,2475823,False,False,19,2,['off track']
-311354,jrp team,850829,Jonathan Rivero Prudente,4,4,True,15051597,,1395637,False,False,19,2,['off track']
-311354,jrp team,850829,Jonathan Rivero Prudente,5,0,False,16445483,,1393886,False,False,19,2,[]
-311354,jrp team,850829,Jonathan Rivero Prudente,6,4,True,17834828,,1389345,False,False,19,2,['off track']
-311354,jrp team,850829,Jonathan Rivero Prudente,7,0,False,19223998,,1389170,False,False,19,2,[]
-311354,jrp team,850829,Jonathan Rivero Prudente,8,4,True,20617864,,1393866,False,False,19,2,['off track']
-311354,jrp team,850829,Jonathan Rivero Prudente,9,275,False,23454095,,-1,False,False,19,2,"['invalid', 'pitted', 'car reset', 'discontinuity']"
-311354,jrp team,850829,Jonathan Rivero Prudente,10,4,True,24840537,,1386442,True,True,19,2,['off track']
-311354,jrp team,850829,Jonathan Rivero Prudente,11,407,True,27565993,,-1,False,False,19,2,"['invalid', 'pitted', 'off track', 'car reset', 'lost control', 'discontinuity']"
-311354,jrp team,850829,Jonathan Rivero Prudente,12,4,True,28956172,,1390179,False,False,19,2,['off track']
-311354,jrp team,850829,Jonathan Rivero Prudente,13,4,True,30353319,,1397147,False,False,19,2,['off track']
-311354,jrp team,850829,Jonathan Rivero Prudente,14,0,False,31742818,,1389499,False,False,19,2,[]
-311354,jrp team,850829,Jonathan Rivero Prudente,15,279,True,34767452,,-1,False,False,19,2,"['invalid', 'pitted', 'off track', 'car reset', 'discontinuity']"
-311354,jrp team,850829,Jonathan Rivero Prudente,16,4,True,36160167,,1392715,False,False,19,2,['off track']
-311354,jrp team,850829,Jonathan Rivero Prudente,17,4,True,37549419,,1389252,False,False,19,2,['off track']
-311354,jrp team,850829,Jonathan Rivero Prudente,18,4,True,38953864,,1404445,False,False,19,2,['off track']
-311663,Pick Up The Pace 2,848950,Saúl Pais,0,2,False,137162968,,-1,False,False,19,27,['pitted']
-311663,Pick Up The Pace 2,848950,Saúl Pais,1,311,True,139095231,,-1,False,False,19,27,"['invalid', 'pitted', 'off track', 'car reset', 'contact', 'discontinuity']"
-311663,Pick Up The Pace 2,848950,Saúl Pais,2,0,False,140509831,,1414600,False,False,19,27,[]
-311663,Pick Up The Pace 2,848950,Saúl Pais,3,439,True,146096125,,-1,False,False,19,27,"['invalid', 'pitted', 'off track', 'car reset', 'contact', 'lost control', 'discontinuity']"
-311663,Pick Up The Pace 2,848950,Saúl Pais,4,0,False,147497434,,1401309,False,False,19,27,[]
-311663,Pick Up The Pace 2,848950,Saúl Pais,5,4,True,148901035,,1403601,False,False,19,27,['off track']
-311663,Pick Up The Pace 2,848950,Saúl Pais,6,0,False,150326362,,1425327,False,False,19,27,[]
-311663,Pick Up The Pace 2,848950,Saúl Pais,7,4,True,151720311,,1393949,False,False,19,27,['off track']
-311663,Pick Up The Pace 2,848950,Saúl Pais,8,0,False,153119093,,1398782,False,False,19,27,[]
-311663,Pick Up The Pace 2,848950,Saúl Pais,9,0,False,154523750,,1404657,False,False,19,27,[]
-311663,Pick Up The Pace 2,848950,Saúl Pais,10,4,True,155920636,,1396886,False,False,19,27,['off track']
-311663,Pick Up The Pace 2,848950,Saúl Pais,11,0,False,157316840,,1396204,False,False,19,27,[]
-311663,Pick Up The Pace 2,848950,Saúl Pais,12,4,True,158709569,,1392729,False,False,19,27,['off track']
-311663,Pick Up The Pace 2,848950,Saúl Pais,13,0,False,160103728,,1394159,False,False,19,27,[]
-311663,Pick Up The Pace 2,848950,Saúl Pais,14,4,True,161497312,,1393584,False,False,19,27,['off track']
-311663,Pick Up The Pace 2,848950,Saúl Pais,15,0,False,162888388,,1391076,False,False,19,27,[]
-311663,Pick Up The Pace 2,848950,Saúl Pais,16,4,True,164283896,,1395508,False,False,19,27,['off track']
-311663,Pick Up The Pace 2,848950,Saúl Pais,17,0,False,165681196,,1397300,False,False,19,27,[]
-311663,Pick Up The Pace 2,848950,Saúl Pais,18,0,False,167421504,,1740308,False,False,19,27,[]
-311663,Pick Up The Pace 2,848950,Saúl Pais,19,4,True,168845875,,1424371,False,False,19,27,['off track']
-311663,Pick Up The Pace 2,848950,Saúl Pais,20,4,True,170235366,,1389491,False,False,19,27,['off track']
-311663,Pick Up The Pace 2,848950,Saúl Pais,21,0,False,171625460,,1390094,False,False,19,27,[]
-311663,Pick Up The Pace 2,848950,Saúl Pais,22,0,False,173013970,,1388510,False,False,19,27,[]
-311663,Pick Up The Pace 2,848950,Saúl Pais,23,0,False,174403498,,1389528,False,False,19,27,[]
-311663,Pick Up The Pace 2,848950,Saúl Pais,24,0,False,175793650,,1390152,False,False,19,27,[]
-311663,Pick Up The Pace 2,848950,Saúl Pais,25,4,True,177188603,,1394953,False,False,19,27,['off track']
-311663,Pick Up The Pace 2,848950,Saúl Pais,26,0,False,178582498,,1393895,False,False,19,27,[]
-311663,Pick Up The Pace 2,848950,Saúl Pais,27,0,False,179969738,,1387240,True,True,19,27,[]
-311663,Pick Up The Pace 2,848950,Saúl Pais,28,16384,False,181357268,,1387530,False,False,19,27,[]
-318313,Pick Up The Pace II,856446,Diogo Cabeças,0,6,True,127513992,,-1,False,False,20,26,"['pitted', 'off track']"
-318313,Pick Up The Pace II,856446,Diogo Cabeças,1,311,True,130006259,,-1,False,False,20,26,"['invalid', 'pitted', 'off track', 'car reset', 'contact', 'discontinuity']"
-318313,Pick Up The Pace II,856446,Diogo Cabeças,2,0,False,131395723,,1389464,False,False,20,26,[]
-318313,Pick Up The Pace II,856446,Diogo Cabeças,3,0,False,132787485,,1391762,False,False,20,26,[]
-318313,Pick Up The Pace II,856446,Diogo Cabeças,4,0,False,134176370,,1388885,False,False,20,26,[]
-318313,Pick Up The Pace II,856446,Diogo Cabeças,5,279,True,137169597,,-1,False,False,20,26,"['invalid', 'pitted', 'off track', 'car reset', 'discontinuity']"
-318313,Pick Up The Pace II,856446,Diogo Cabeças,6,279,True,139086224,,-1,False,False,20,26,"['invalid', 'pitted', 'off track', 'car reset', 'discontinuity']"
-318313,Pick Up The Pace II,856446,Diogo Cabeças,7,0,False,140485178,,1398954,False,False,20,26,[]
-318313,Pick Up The Pace II,856446,Diogo Cabeças,8,0,False,141872881,,1387703,True,True,20,26,[]
-318313,Pick Up The Pace II,725974,Gonçalo B Paixão,9,439,True,152522030,,10649149,False,False,19,26,"['invalid', 'pitted', 'off track', 'car reset', 'contact', 'lost control', 'discontinuity']"
-318313,Pick Up The Pace II,725974,Gonçalo B Paixão,10,0,False,153924123,,1402093,False,False,19,26,[]
-318313,Pick Up The Pace II,725974,Gonçalo B Paixão,11,439,True,158106313,,-1,False,False,19,26,"['invalid', 'pitted', 'off track', 'car reset', 'contact', 'lost control', 'discontinuity']"
-318313,Pick Up The Pace II,725974,Gonçalo B Paixão,12,0,False,159507556,,1401243,False,False,19,26,[]
-318313,Pick Up The Pace II,725974,Gonçalo B Paixão,13,4,True,160917092,,1409536,False,False,19,26,['off track']
-318313,Pick Up The Pace II,725974,Gonçalo B Paixão,14,0,False,162330269,,1413177,False,False,19,26,[]
-318313,Pick Up The Pace II,725974,Gonçalo B Paixão,15,0,False,163731561,,1401292,False,False,19,26,[]
-318313,Pick Up The Pace II,725974,Gonçalo B Paixão,16,0,False,165131313,,1399752,False,False,19,26,[]
-318313,Pick Up The Pace II,725974,Gonçalo B Paixão,17,311,True,167429378,,-1,False,False,19,26,"['invalid', 'pitted', 'off track', 'car reset', 'contact', 'discontinuity']"
-318313,Pick Up The Pace II,725974,Gonçalo B Paixão,18,4,True,168830761,,1401383,False,False,19,26,['off track']
-318313,Pick Up The Pace II,725974,Gonçalo B Paixão,19,0,False,170273738,,1442977,False,False,19,26,[]
-318313,Pick Up The Pace II,725974,Gonçalo B Paixão,20,0,False,171672694,,1398956,False,False,19,26,[]
-318313,Pick Up The Pace II,725974,Gonçalo B Paixão,21,0,False,173066127,,1393433,False,False,19,26,[]
-318313,Pick Up The Pace II,725974,Gonçalo B Paixão,22,0,False,174478130,,1412003,False,False,19,26,[]
-318313,Pick Up The Pace II,725974,Gonçalo B Paixão,23,4,True,175878275,,1400145,False,False,19,26,['off track']
-318313,Pick Up The Pace II,725974,Gonçalo B Paixão,24,4,True,177271682,,1393407,False,False,19,26,['off track']
-318313,Pick Up The Pace II,725974,Gonçalo B Paixão,25,0,False,178661373,,1389691,False,True,19,26,[]
-318313,Pick Up The Pace II,725974,Gonçalo B Paixão,26,16388,True,180065764,,1404391,False,False,19,26,['off track']
-318315,Pick Up The Pace IV,828731,Nelson Ricardo,0,2,False,124898124,,-1,False,False,20,25,['pitted']
-318315,Pick Up The Pace IV,828731,Nelson Ricardo,1,0,False,126306438,,1408314,False,False,20,25,[]
-318315,Pick Up The Pace IV,828731,Nelson Ricardo,2,0,False,127719735,,1413297,False,False,20,25,[]
-318315,Pick Up The Pace IV,828731,Nelson Ricardo,3,0,False,129132916,,1413181,False,False,20,25,[]
-318315,Pick Up The Pace IV,828731,Nelson Ricardo,4,0,False,130540084,,1407168,False,False,20,25,[]
-318315,Pick Up The Pace IV,828731,Nelson Ricardo,5,0,False,131946791,,1406707,False,False,20,25,[]
-318315,Pick Up The Pace IV,828731,Nelson Ricardo,6,0,False,133351453,,1404662,False,False,20,25,[]
-318315,Pick Up The Pace IV,828731,Nelson Ricardo,7,0,False,134758235,,1406782,False,False,20,25,[]
-318315,Pick Up The Pace IV,828731,Nelson Ricardo,8,4,True,136162115,,1403880,False,False,20,25,['off track']
-318315,Pick Up The Pace IV,828731,Nelson Ricardo,9,439,True,139090614,,-1,False,False,20,25,"['invalid', 'pitted', 'off track', 'car reset', 'contact', 'lost control', 'discontinuity']"
-318315,Pick Up The Pace IV,828731,Nelson Ricardo,10,4,True,140495912,,1405298,False,False,20,25,['off track']
-318315,Pick Up The Pace IV,828731,Nelson Ricardo,11,4,True,141913853,,1417941,False,False,20,25,['off track']
-318315,Pick Up The Pace IV,828731,Nelson Ricardo,12,439,True,144848767,,-1,False,False,20,25,"['invalid', 'pitted', 'off track', 'car reset', 'contact', 'lost control', 'discontinuity']"
-318315,Pick Up The Pace IV,828731,Nelson Ricardo,13,439,True,147608503,,-1,False,False,20,25,"['invalid', 'pitted', 'off track', 'car reset', 'contact', 'lost control', 'discontinuity']"
-318315,Pick Up The Pace IV,828731,Nelson Ricardo,14,0,False,148997129,,1388626,True,True,20,25,[]
-318315,Pick Up The Pace IV,828731,Nelson Ricardo,15,0,False,150394720,,1397591,False,False,20,25,[]
-318315,Pick Up The Pace IV,828731,Nelson Ricardo,16,279,True,151996922,,-1,False,False,20,25,"['invalid', 'pitted', 'off track', 'car reset', 'discontinuity']"
-318315,Pick Up The Pace IV,828731,Nelson Ricardo,17,0,False,153398305,,1401383,False,False,20,25,[]
-318315,Pick Up The Pace IV,828731,Nelson Ricardo,18,0,False,154794525,,1396220,False,False,20,25,[]
-318315,Pick Up The Pace IV,828731,Nelson Ricardo,19,4,True,156213515,,1418990,False,False,20,25,['off track']
-318315,Pick Up The Pace IV,828731,Nelson Ricardo,20,0,False,157616857,,1403342,False,False,20,25,[]
-318315,Pick Up The Pace IV,828731,Nelson Ricardo,21,0,False,159032532,,1415675,False,False,20,25,[]
-275499,Team Alejandro Fernandez10,763529,Alejandro Fernandez10,0,439,True,22693265,,-1,False,False,18,7,"['invalid', 'pitted', 'off track', 'car reset', 'contact', 'lost control', 'discontinuity']"
-275499,Team Alejandro Fernandez10,763529,Alejandro Fernandez10,1,0,False,24089902,,1396637,False,False,18,7,[]
-275499,Team Alejandro Fernandez10,763529,Alejandro Fernandez10,2,0,False,25480860,,1390958,True,True,18,7,[]
-275499,Team Alejandro Fernandez10,763529,Alejandro Fernandez10,3,4,True,26880912,,1400052,False,False,18,7,['off track']
-275499,Team Alejandro Fernandez10,763529,Alejandro Fernandez10,4,0,False,28277196,,1396284,False,False,18,7,[]
-275499,Team Alejandro Fernandez10,763529,Alejandro Fernandez10,5,4,True,29674349,,1397153,False,False,18,7,['off track']
-275499,Team Alejandro Fernandez10,763529,Alejandro Fernandez10,6,4,True,31087348,,1412999,False,False,18,7,['off track']
-275499,Team Alejandro Fernandez10,763529,Alejandro Fernandez10,7,0,False,32480654,,1393306,False,False,18,7,[]
-275499,Team Alejandro Fernandez10,763529,Alejandro Fernandez10,8,0,False,33877994,,1397340,False,False,18,7,[]
-275499,Team Alejandro Fernandez10,763529,Alejandro Fernandez10,9,0,False,35273461,,1395467,False,False,18,7,[]
-303388,Pick Up The Pace,524108,Ricardo Emílio,0,2,False,122045200,,-1,False,False,18,369,['pitted']
-303388,Pick Up The Pace,524108,Ricardo Emílio,1,4,True,123448296,,1403096,False,False,18,369,['off track']
-303388,Pick Up The Pace,524108,Ricardo Emílio,2,4,True,124880796,,1432500,False,False,18,369,['off track']
-303388,Pick Up The Pace,524108,Ricardo Emílio,3,0,False,126281980,,1401184,False,False,18,369,[]
-303388,Pick Up The Pace,524108,Ricardo Emílio,4,0,False,127683732,,1401752,False,False,18,369,[]
-303388,Pick Up The Pace,524108,Ricardo Emílio,5,0,False,129086173,,1402441,False,False,18,369,[]
-303388,Pick Up The Pace,524108,Ricardo Emílio,6,0,False,130487770,,1401597,False,False,18,369,[]
-303388,Pick Up The Pace,524108,Ricardo Emílio,7,4,True,131894261,,1406491,False,False,18,369,['off track']
-303388,Pick Up The Pace,524108,Ricardo Emílio,8,4,True,133298439,,1404178,False,False,18,369,['off track']
-303388,Pick Up The Pace,524108,Ricardo Emílio,9,0,False,134705256,,1406817,False,False,18,369,[]
-303388,Pick Up The Pace,524108,Ricardo Emílio,10,0,False,136103277,,1398021,False,False,18,369,[]
-303388,Pick Up The Pace,524108,Ricardo Emílio,11,0,False,137498379,,1395102,False,False,18,369,[]
-303388,Pick Up The Pace,524108,Ricardo Emílio,12,4,True,138896869,,1398490,False,False,18,369,['off track']
-303388,Pick Up The Pace,524108,Ricardo Emílio,13,132,True,140493842,,1596973,False,False,18,369,"['off track', 'lost control']"
-303388,Pick Up The Pace,524108,Ricardo Emílio,14,0,False,141885708,,1391866,True,True,18,369,[]
-303388,Pick Up The Pace,524108,Ricardo Emílio,15,4,True,143289444,,1403736,False,False,18,369,['off track']
-303388,Pick Up The Pace,524108,Ricardo Emílio,16,0,False,144684526,,1395082,False,False,18,369,[]
-303388,Pick Up The Pace,524108,Ricardo Emílio,17,0,False,146079552,,1395026,False,False,18,369,[]
-303388,Pick Up The Pace,524108,Ricardo Emílio,18,0,False,147477010,,1397458,False,False,18,369,[]
-303388,Pick Up The Pace,524108,Ricardo Emílio,19,4,True,148873048,,1396038,False,False,18,369,['off track']
-303388,Pick Up The Pace,524108,Ricardo Emílio,20,4,True,150324483,,1451435,False,False,18,369,['off track']
-303388,Pick Up The Pace,524108,Ricardo Emílio,21,160,True,151790587,,1466104,False,False,18,369,"['contact', 'lost control']"
-303388,Pick Up The Pace,524108,Ricardo Emílio,22,447,True,154919469,,-1,False,False,18,369,"['invalid', 'pitted', 'off track', 'black flag', 'car reset', 'contact', 'lost control', 'discontinuity']"
-303388,Pick Up The Pace,524108,Ricardo Emílio,23,128,True,156419361,,1499892,False,False,18,369,['lost control']
-303388,Pick Up The Pace,524108,Ricardo Emílio,24,4,True,157817826,,1398465,False,False,18,369,['off track']
